CREATE DATABASE IF NOT EXISTS gobang_db DEFAULT CHARSET utf8mb4;
USE gobang_db;
-- MySQL dump 10.13  Distrib 5.7.20, for Win64 (x86_64)
--
-- Host: localhost    Database: gobang_db
-- ------------------------------------------------------
-- Server version	5.7.20

/*!40101 SET @OLD_CHARACTER_SET_CLIENT=@@CHARACTER_SET_CLIENT */;
/*!40101 SET @OLD_CHARACTER_SET_RESULTS=@@CHARACTER_SET_RESULTS */;
/*!40101 SET @OLD_COLLATION_CONNECTION=@@COLLATION_CONNECTION */;
/*!40101 SET NAMES utf8 */;
/*!40103 SET @OLD_TIME_ZONE=@@TIME_ZONE */;
/*!40103 SET TIME_ZONE='+00:00' */;
/*!40014 SET @OLD_UNIQUE_CHECKS=@@UNIQUE_CHECKS, UNIQUE_CHECKS=0 */;
/*!40014 SET @OLD_FOREIGN_KEY_CHECKS=@@FOREIGN_KEY_CHECKS, FOREIGN_KEY_CHECKS=0 */;
/*!40101 SET @OLD_SQL_MODE=@@SQL_MODE, SQL_MODE='NO_AUTO_VALUE_ON_ZERO' */;
/*!40111 SET @OLD_SQL_NOTES=@@SQL_NOTES, SQL_NOTES=0 */;

--
-- Table structure for table `game`
--

DROP TABLE IF EXISTS `game`;
/*!40101 SET @saved_cs_client     = @@character_set_client */;
/*!40101 SET character_set_client = utf8 */;
CREATE TABLE `game` (
  `username` varchar(50) NOT NULL,
  `game_count` int(11) NOT NULL,
  `is_win` int(11) DEFAULT '0',
  `game_time` datetime DEFAULT CURRENT_TIMESTAMP,
  PRIMARY KEY (`username`,`game_count`),
  CONSTRAINT `fk_game_player` FOREIGN KEY (`username`) REFERENCES `player` (`username`) ON DELETE CASCADE ON UPDATE CASCADE
) ENGINE=InnoDB DEFAULT CHARSET=utf8;
/*!40101 SET character_set_client = @saved_cs_client */;

--
-- Dumping data for table `game`
--

LOCK TABLES `game` WRITE;
/*!40000 ALTER TABLE `game` DISABLE KEYS */;
INSERT INTO `game` VALUES ('张继科',1,1,'2025-12-05 15:30:22'),('张继科',2,1,'2025-12-05 15:30:36'),('张继科',3,1,'2025-12-05 15:30:43'),('张继科',4,1,'2025-12-05 15:30:49'),('张继科',5,1,'2025-12-05 15:31:45'),('张继科',6,0,'2025-12-05 15:31:58'),('张继科',7,0,'2025-12-05 15:32:23'),('张继科',8,1,'2025-12-05 15:32:33'),('张继科',9,2,'2025-12-05 15:32:41'),('张继科',10,2,'2025-12-05 15:32:46'),('张继科',11,2,'2025-12-05 15:32:49'),('张继科',12,1,'2025-12-05 15:32:55'),('张继科',13,1,'2025-12-05 15:33:10'),('柯洁',1,1,'2025-12-05 15:15:12'),('柯洁',2,1,'2025-12-05 15:15:21'),('柯洁',3,1,'2025-12-05 15:15:22'),('柯洁',4,1,'2025-12-05 15:15:23'),('柯洁',5,1,'2025-12-05 15:15:23'),('柯洁',6,1,'2025-12-05 15:15:24'),('柯洁',7,1,'2025-12-05 15:15:25'),('柯洁',8,1,'2025-12-05 15:15:26'),('柯洁',9,1,'2025-12-05 15:15:27'),('柯洁',10,1,'2025-12-05 15:15:38'),('柯洁',11,1,'2025-12-05 15:15:39'),('柯洁',12,1,'2025-12-05 15:15:40'),('柯洁',13,1,'2025-12-05 15:15:41'),('柯洁',14,1,'2025-12-05 15:15:42'),('柯洁',15,1,'2025-12-05 15:15:42'),('柯洁',16,1,'2025-12-05 15:15:43'),('柯洁',17,1,'2025-12-05 15:39:22'),('柯洁',18,1,'2025-12-05 15:39:24'),('柯洁',19,1,'2025-12-05 15:39:25'),('柯洁',20,1,'2025-12-05 15:39:25'),('柯洁',21,1,'2025-12-05 15:39:26'),('柯洁',22,1,'2025-12-05 15:39:27'),('柯洁',23,1,'2025-12-05 15:39:27'),('柯洁',24,1,'2025-12-05 15:39:28'),('柯洁',25,1,'2025-12-05 15:39:28'),('柯洁',26,1,'2025-12-05 15:39:29'),('柯洁',27,1,'2025-12-05 15:39:30'),('柯洁',28,1,'2025-12-05 15:39:31'),('柯洁',29,1,'2025-12-05 15:39:31'),('柯洁',30,1,'2025-12-05 15:39:32'),('柯洁',31,1,'2025-12-05 15:39:33'),('柯洁',32,1,'2025-12-05 15:39:34'),('柯洁',33,1,'2025-12-05 15:39:34'),('柯洁',34,1,'2025-12-05 15:39:35'),('柯洁',35,1,'2025-12-05 15:39:36'),('柯洁',36,1,'2025-12-05 15:39:36'),('柯洁',37,1,'2025-12-05 15:39:37'),('柯洁',38,1,'2025-12-05 15:39:38'),('柯洁',39,1,'2025-12-05 15:39:38'),('柯洁',40,1,'2025-12-05 15:39:39'),('柯洁',41,1,'2025-12-05 15:39:40'),('柯洁',42,1,'2025-12-05 15:39:40'),('柯洁',43,1,'2025-12-05 15:39:41'),('柯洁',44,1,'2025-12-05 15:39:42'),('柯洁',45,1,'2025-12-05 15:39:43'),('柯洁',46,1,'2025-12-05 15:39:43'),('柯洁',47,1,'2025-12-05 15:39:44'),('柯洁',48,1,'2025-12-05 15:39:45'),('柯洁',49,1,'2025-12-05 15:39:46'),('柯洁',50,1,'2025-12-05 15:39:46'),('柯洁',51,1,'2025-12-05 15:42:25'),('柯洁',52,1,'2025-12-05 15:42:27'),('柯洁',53,1,'2025-12-05 15:42:30'),('柯洁',54,1,'2025-12-05 15:42:33'),('柯洁',55,1,'2025-12-05 15:42:36'),('柯洁',56,1,'2025-12-05 15:42:39'),('柯洁',57,2,'2025-12-05 15:42:45'),('柯洁',58,2,'2025-12-05 15:42:48'),('樊振东',1,1,'2025-12-05 15:33:58'),('樊振东',2,1,'2025-12-05 15:34:05'),('樊振东',3,1,'2025-12-05 15:34:08'),('樊振东',4,2,'2025-12-05 15:34:15'),('樊振东',5,2,'2025-12-05 15:34:41'),('樊振东',6,1,'2025-12-05 15:35:12'),('樊振东',7,1,'2025-12-05 15:35:18'),('樊振东',8,1,'2025-12-05 15:35:22'),('樊振东',9,1,'2025-12-05 15:35:25'),('樊振东',10,1,'2025-12-05 15:35:29'),('樊振东',11,1,'2025-12-05 15:35:32'),('樊振东',12,1,'2025-12-05 15:35:36'),('樊振东',13,1,'2025-12-05 15:48:02'),('樊振东',14,1,'2025-12-05 15:48:06'),('樊振东',15,1,'2025-12-05 15:48:09'),('樊振东',16,1,'2025-12-05 15:48:12'),('樊振东',17,1,'2025-12-05 15:48:15'),('樊振东',18,1,'2025-12-05 15:48:20'),('物联网2301杨祖正',1,1,'2025-12-05 14:49:45'),('物联网2301杨祖正',2,0,'2025-12-05 14:50:30'),('物联网2301杨祖正',3,2,'2025-12-05 14:50:39'),('物联网2301杨祖正',4,2,'2025-12-05 14:51:29'),('物联网2301杨祖正',5,2,'2025-12-05 14:55:20'),('物联网2301杨祖正',6,0,'2025-12-05 14:55:43'),('物联网2301杨祖正',7,1,'2025-12-05 14:57:16'),('物联网2301杨祖正',8,0,'2025-12-05 14:57:48'),('物联网2301杨祖正',9,1,'2025-12-05 14:58:24'),('物联网2301杨祖正',10,1,'2025-12-05 14:58:38'),('物联网2301杨祖正',11,1,'2025-12-05 14:59:06'),('物联网2301杨祖正',12,0,'2025-12-05 15:00:00'),('物联网2301杨祖正',13,1,'2025-12-05 15:01:18'),('物联网2301杨祖正',14,0,'2025-12-05 15:02:06'),('物联网2301杨祖正',15,1,'2025-12-05 15:02:11'),('物联网2301杨祖正',16,1,'2025-12-05 15:02:50'),('物联网2301杨祖正',17,1,'2025-12-05 15:02:59'),('物联网2301杨祖正',18,1,'2025-12-05 15:03:05'),('物联网2301杨祖正',19,1,'2025-12-05 15:03:10'),('物联网2301杨祖正',20,1,'2025-12-05 15:03:16'),('物联网2301杨祖正',21,0,'2025-12-05 15:04:30'),('物联网2301杨祖正',22,1,'2025-12-05 15:49:15'),('物联网2301杨祖正',23,1,'2025-12-05 15:49:18'),('物联网2301杨祖正',24,1,'2025-12-05 15:49:20'),('物联网2301杨祖正',25,1,'2025-12-05 15:49:23'),('王励勤',1,1,'2025-12-05 15:36:52'),('王励勤',2,1,'2025-12-05 15:37:02'),('王励勤',3,1,'2025-12-05 15:37:06'),('王励勤',4,1,'2025-12-05 15:37:09'),('王励勤',5,1,'2025-12-05 15:37:11'),('王励勤',6,1,'2025-12-05 15:37:15'),('王励勤',7,1,'2025-12-05 15:37:17'),('王励勤',8,1,'2025-12-05 15:37:22'),('王励勤',9,1,'2025-12-05 15:37:27'),('王励勤',10,1,'2025-12-05 15:37:34'),('王励勤',11,1,'2025-12-05 15:37:39'),('王励勤',12,1,'2025-12-05 15:37:43'),('王励勤',13,1,'2025-12-05 15:37:47'),('王励勤',14,2,'2025-12-05 15:37:53'),('王励勤',15,2,'2025-12-05 15:37:56'),('王楚钦',1,1,'2025-12-05 15:47:03'),('王楚钦',2,1,'2025-12-05 15:47:06'),('王楚钦',3,1,'2025-12-05 15:47:09'),('王楚钦',4,1,'2025-12-05 15:47:12'),('王楚钦',5,2,'2025-12-05 15:47:18'),('王楚钦',6,2,'2025-12-05 15:47:21'),('王楚钦',7,1,'2025-12-05 15:47:26'),('王楚钦',8,1,'2025-12-05 15:47:30'),('王楚钦',9,0,'2025-12-05 15:49:48'),('王楚钦',10,2,'2025-12-05 15:49:48'),('王楚钦',11,2,'2025-12-05 15:49:50'),('王楚钦',12,2,'2025-12-05 15:49:52'),('王楚钦',13,2,'2025-12-05 15:49:55'),('王楚钦',14,2,'2025-12-05 15:49:57'),('王楚钦',15,2,'2025-12-05 15:50:00'),('王楚钦',16,2,'2025-12-05 15:50:03'),('王楚钦',17,2,'2025-12-05 15:50:05'),('王楚钦',18,2,'2025-12-05 15:50:07'),('王皓',1,1,'2025-12-05 15:40:38'),('王皓',2,1,'2025-12-05 15:40:42'),('王皓',3,1,'2025-12-05 15:40:44'),('王皓',4,1,'2025-12-05 15:40:47'),('王皓',5,1,'2025-12-05 15:40:50'),('王皓',6,1,'2025-12-05 15:40:54'),('王皓',7,1,'2025-12-05 15:40:57'),('王皓',8,1,'2025-12-05 15:41:00'),('王皓',9,1,'2025-12-05 15:41:04'),('王皓',10,1,'2025-12-05 15:41:07'),('王皓',11,1,'2025-12-05 15:41:10'),('王皓',12,1,'2025-12-05 15:41:13'),('王皓',13,0,'2025-12-05 15:41:18'),('王皓',14,0,'2025-12-05 15:41:22'),('王皓',15,0,'2025-12-05 15:41:23'),('王皓',16,2,'2025-12-05 15:41:24'),('王皓',17,2,'2025-12-05 15:41:27'),('王皓',18,2,'2025-12-05 15:41:30'),('王皓',19,2,'2025-12-05 15:41:32'),('王皓',20,2,'2025-12-05 15:41:34'),('马琳',1,1,'2025-12-05 15:43:42'),('马琳',2,1,'2025-12-05 15:43:45'),('马琳',3,1,'2025-12-05 15:43:48'),('马琳',4,1,'2025-12-05 15:43:51'),('马琳',5,1,'2025-12-05 15:43:56'),('马琳',6,1,'2025-12-05 15:44:00'),('马琳',7,1,'2025-12-05 15:44:03'),('马琳',8,1,'2025-12-05 15:44:07'),('马琳',9,1,'2025-12-05 15:44:11'),('马琳',10,1,'2025-12-05 15:44:14'),('马琳',11,2,'2025-12-05 15:44:18'),('马琳',12,2,'2025-12-05 15:44:21'),('马琳',13,2,'2025-12-05 15:44:29'),('马琳',14,2,'2025-12-05 15:44:32'),('马龙',1,0,'2025-12-05 15:05:21'),('马龙',2,0,'2025-12-05 15:05:52'),('马龙',3,0,'2025-12-05 15:06:48'),('马龙',4,0,'2025-12-05 15:07:50'),('马龙',5,0,'2025-12-05 15:08:36'),('马龙',6,2,'2025-12-05 15:10:24'),('马龙',7,2,'2025-12-05 15:10:34'),('马龙',8,1,'2025-12-05 15:10:42'),('马龙',9,1,'2025-12-05 15:10:55'),('马龙',10,1,'2025-12-05 15:11:28'),('马龙',11,1,'2025-12-05 15:45:20'),('马龙',12,1,'2025-12-05 15:45:22'),('马龙',13,1,'2025-12-05 15:45:23'),('马龙',14,1,'2025-12-05 15:45:23'),('马龙',15,1,'2025-12-05 15:45:24'),('马龙',16,1,'2025-12-05 15:45:24'),('马龙',17,1,'2025-12-05 15:45:25'),('马龙',18,1,'2025-12-05 15:45:25'),('马龙',19,1,'2025-12-05 15:45:26'),('马龙',20,1,'2025-12-05 15:45:27'),('马龙',21,1,'2025-12-05 15:45:27'),('马龙',22,1,'2025-12-05 15:45:28'),('马龙',23,1,'2025-12-05 15:45:29'),('马龙',24,1,'2025-12-05 15:45:29'),('马龙',25,1,'2025-12-05 15:45:30'),('马龙',26,1,'2025-12-05 15:45:31'),('马龙',27,1,'2025-12-05 15:45:31'),('马龙',28,1,'2025-12-05 15:45:32'),('马龙',29,1,'2025-12-05 15:45:32'),('马龙',30,2,'2025-12-05 15:46:18'),('马龙',31,2,'2025-12-05 15:46:21'),('马龙',32,2,'2025-12-05 15:46:23'),('马龙',33,2,'2025-12-05 15:46:25'),('马龙',34,2,'2025-12-05 15:46:27'),('马龙',35,2,'2025-12-05 15:46:29'),('马龙',36,2,'2025-12-05 15:46:31');
/*!40000 ALTER TABLE `game` ENABLE KEYS */;
UNLOCK TABLES;

--
-- Table structure for table `player`
--

DROP TABLE IF EXISTS `player`;
/*!40101 SET @saved_cs_client     = @@character_set_client */;
/*!40101 SET character_set_client = utf8 */;
CREATE TABLE `player` (
  `username` varchar(50) NOT NULL,
  `password` varchar(50) NOT NULL,
  `level` int(11) DEFAULT '1',
  PRIMARY KEY (`username`)
) ENGINE=InnoDB DEFAULT CHARSET=utf8;
/*!40101 SET character_set_client = @saved_cs_client */;

--
-- Dumping data for table `player`
--

LOCK TABLES `player` WRITE;
/*!40000 ALTER TABLE `player` DISABLE KEYS */;
INSERT INTO `player` VALUES ('张继科','zhangjike',70),('柯洁','kejie',99999),('樊振东','fanzhendong',71),('物联网2301杨祖正','yangzuzheng',35),('王励勤','wangliqin',52),('王楚钦','wangchuqin',32),('王皓','wanghao',38),('马琳','malin',58),('马龙','malong',77);
/*!40000 ALTER TABLE `player` ENABLE KEYS */;
UNLOCK TABLES;

--
-- Table structure for table `step`
--

DROP TABLE IF EXISTS `step`;
/*!40101 SET @saved_cs_client     = @@character_set_client */;
/*!40101 SET character_set_client = utf8 */;
CREATE TABLE `step` (
  `username` varchar(50) NOT NULL,
  `game_count` int(11) NOT NULL,
  `step_count` int(11) NOT NULL,
  `by_who` int(11) NOT NULL,
  `coordination` varchar(20) NOT NULL,
  PRIMARY KEY (`username`,`game_count`,`step_count`),
  CONSTRAINT `fk_step_game` FOREIGN KEY (`username`, `game_count`) REFERENCES `game` (`username`, `game_count`) ON DELETE CASCADE ON UPDATE CASCADE
) ENGINE=InnoDB DEFAULT CHARSET=utf8;
/*!40101 SET character_set_client = @saved_cs_client */;

--
-- Dumping data for table `step`
--

LOCK TABLES `step` WRITE;
/*!40000 ALTER TABLE `step` DISABLE KEYS */;
INSERT INTO `step` VALUES ('张继科',1,1,1,'3,8'),('张继科',1,2,2,'7,14'),('张继科',1,3,1,'5,3'),('张继科',1,4,2,'0,1'),('张继科',1,5,1,'6,10'),('张继科',1,6,2,'4,2'),('张继科',1,7,1,'10,6'),('张继科',1,8,2,'4,6'),('张继科',1,9,1,'7,7'),('张继科',1,10,2,'3,11'),('张继科',1,11,1,'8,7'),('张继科',1,12,2,'12,8'),('张继科',1,13,1,'9,7'),('张继科',1,14,2,'6,8'),('张继科',1,15,1,'10,7'),('张继科',1,16,2,'7,5'),('张继科',1,17,1,'11,7'),('张继科',2,1,1,'2,7'),('张继科',2,2,2,'0,8'),('张继科',2,3,1,'3,7'),('张继科',2,4,2,'13,12'),('张继科',2,5,1,'3,8'),('张继科',2,6,2,'6,5'),('张继科',2,7,1,'5,6'),('张继科',2,8,2,'9,2'),('张继科',2,9,1,'4,7'),('张继科',2,10,2,'2,14'),('张继科',2,11,1,'2,9'),('张继科',2,12,2,'2,10'),('张继科',2,13,1,'1,10'),('张继科',3,1,1,'3,6'),('张继科',3,2,2,'12,4'),('张继科',3,3,1,'4,7'),('张继科',3,4,2,'3,0'),('张继科',3,5,1,'5,8'),('张继科',3,6,2,'5,14'),('张继科',3,7,1,'6,9'),('张继科',3,8,2,'4,3'),('张继科',3,9,1,'7,10'),('张继科',4,1,1,'4,10'),('张继科',4,2,2,'0,2'),('张继科',4,3,1,'4,7'),('张继科',4,4,2,'8,1'),('张继科',4,5,1,'4,8'),('张继科',4,6,2,'11,1'),('张继科',4,7,1,'4,9'),('张继科',4,8,2,'1,6'),('张继科',4,9,1,'4,11'),('张继科',5,1,1,'5,7'),('张继科',5,2,2,'1,6'),('张继科',5,3,1,'3,8'),('张继科',5,4,2,'12,3'),('张继科',5,5,1,'4,3'),('张继科',5,6,2,'8,2'),('张继科',5,7,1,'5,9'),('张继科',5,8,2,'0,14'),('张继科',5,9,1,'5,8'),('张继科',5,10,2,'10,7'),('张继科',5,11,1,'6,8'),('张继科',5,12,2,'6,13'),('张继科',5,13,1,'6,9'),('张继科',5,14,2,'12,1'),('张继科',5,15,1,'6,10'),('张继科',5,16,2,'1,9'),('张继科',5,17,1,'5,10'),('张继科',5,18,2,'7,5'),('张继科',5,19,1,'5,11'),('张继科',6,1,1,'4,7'),('张继科',6,2,2,'3,6'),('张继科',7,1,1,'5,7'),('张继科',7,2,2,'14,14'),('张继科',8,1,1,'5,8'),('张继科',8,2,2,'6,9'),('张继科',8,3,1,'5,9'),('张继科',8,4,2,'5,10'),('张继科',8,5,1,'6,8'),('张继科',8,6,2,'4,8'),('张继科',8,7,1,'7,8'),('张继科',8,8,2,'8,8'),('张继科',8,9,1,'6,7'),('张继科',8,10,2,'5,7'),('张继科',8,11,1,'7,7'),('张继科',8,12,2,'8,6'),('张继科',8,13,1,'7,6'),('张继科',8,14,2,'4,9'),('张继科',8,15,1,'7,5'),('张继科',8,16,2,'7,9'),('张继科',8,17,1,'7,4'),('张继科',9,1,1,'3,7'),('张继科',9,2,2,'4,8'),('张继科',9,3,1,'6,8'),('张继科',9,4,2,'3,8'),('张继科',9,5,1,'8,4'),('张继科',9,6,2,'2,8'),('张继科',9,7,1,'9,9'),('张继科',9,8,2,'1,8'),('张继科',9,9,1,'12,5'),('张继科',9,10,2,'5,8'),('张继科',10,1,1,'6,9'),('张继科',10,2,2,'5,8'),('张继科',10,3,1,'9,6'),('张继科',10,4,2,'6,8'),('张继科',10,5,1,'5,3'),('张继科',10,6,2,'7,8'),('张继科',10,7,1,'2,4'),('张继科',10,8,2,'8,8'),('张继科',10,9,1,'3,11'),('张继科',10,10,2,'4,8'),('张继科',11,1,1,'3,7'),('张继科',11,2,2,'2,7'),('张继科',11,3,1,'8,4'),('张继科',11,4,2,'2,6'),('张继科',11,5,1,'10,8'),('张继科',11,6,2,'2,8'),('张继科',11,7,1,'9,11'),('张继科',11,8,2,'2,9'),('张继科',11,9,1,'6,9'),('张继科',11,10,2,'2,5'),('张继科',12,1,1,'7,7'),('张继科',12,2,2,'11,1'),('张继科',12,3,1,'8,7'),('张继科',12,4,2,'5,13'),('张继科',12,5,1,'9,7'),('张继科',12,6,2,'14,5'),('张继科',12,7,1,'10,7'),('张继科',12,8,2,'14,0'),('张继科',12,9,1,'11,7'),('张继科',13,1,1,'3,7'),('张继科',13,2,2,'6,1'),('张继科',13,3,1,'7,6'),('张继科',13,4,2,'11,2'),('张继科',13,5,1,'6,10'),('张继科',13,6,2,'14,7'),('张继科',13,7,1,'11,9'),('张继科',13,8,2,'9,1'),('张继科',13,9,1,'4,3'),('张继科',13,10,2,'5,7'),('张继科',13,11,1,'3,10'),('张继科',13,12,2,'14,8'),('张继科',13,13,1,'8,12'),('张继科',13,14,2,'11,7'),('张继科',13,15,1,'10,5'),('张继科',13,16,2,'5,11'),('张继科',13,17,1,'6,5'),('张继科',13,18,2,'8,4'),('张继科',13,19,1,'2,6'),('张继科',13,20,2,'2,11'),('张继科',13,21,1,'9,14'),('张继科',13,22,2,'10,6'),('张继科',13,23,1,'12,11'),('张继科',13,24,2,'9,12'),('张继科',13,25,1,'11,6'),('张继科',13,26,2,'13,2'),('张继科',13,27,1,'7,8'),('张继科',13,28,2,'2,14'),('张继科',13,29,1,'1,2'),('张继科',13,30,2,'6,14'),('张继科',13,31,1,'8,7'),('张继科',13,32,2,'3,8'),('张继科',13,33,1,'10,1'),('张继科',13,34,2,'0,7'),('张继科',13,35,1,'9,9'),('张继科',13,36,2,'4,14'),('张继科',13,37,1,'5,8'),('张继科',13,38,2,'6,6'),('张继科',13,39,1,'4,8'),('张继科',13,40,2,'10,4'),('张继科',13,41,1,'2,10'),('张继科',13,42,2,'6,9'),('张继科',13,43,1,'1,10'),('张继科',13,44,2,'0,12'),('张继科',13,45,1,'1,7'),('张继科',13,46,2,'13,12'),('张继科',13,47,1,'1,3'),('张继科',13,48,2,'10,10'),('张继科',13,49,1,'6,4'),('张继科',13,50,2,'3,1'),('张继科',13,51,1,'5,3'),('张继科',13,52,2,'10,3'),('张继科',13,53,1,'2,0'),('张继科',13,54,2,'3,13'),('张继科',13,55,1,'2,3'),('张继科',13,56,2,'9,10'),('张继科',13,57,1,'11,4'),('张继科',13,58,2,'7,12'),('张继科',13,59,1,'8,9'),('张继科',13,60,2,'6,12'),('张继科',13,61,1,'4,5'),('张继科',13,62,2,'7,7'),('张继科',13,63,1,'5,5'),('张继科',13,64,2,'8,3'),('张继科',13,65,1,'4,4'),('张继科',13,66,2,'8,5'),('张继科',13,67,1,'3,4'),('张继科',13,68,2,'10,12'),('张继科',13,69,1,'2,4'),('张继科',13,70,2,'3,11'),('张继科',13,71,1,'1,5'),('张继科',13,72,2,'1,1'),('张继科',13,73,1,'3,5'),('柯洁',51,1,1,'3,7'),('柯洁',51,2,2,'11,1'),('柯洁',51,3,1,'4,7'),('柯洁',51,4,2,'3,13'),('柯洁',51,5,1,'5,7'),('柯洁',51,6,2,'14,8'),('柯洁',51,7,1,'6,7'),('柯洁',51,8,2,'14,11'),('柯洁',51,9,1,'7,7'),('柯洁',52,1,1,'3,6'),('柯洁',52,2,2,'13,3'),('柯洁',52,3,1,'4,6'),('柯洁',52,4,2,'1,4'),('柯洁',52,5,1,'5,6'),('柯洁',52,6,2,'2,12'),('柯洁',52,7,1,'6,6'),('柯洁',52,8,2,'9,9'),('柯洁',52,9,1,'7,6'),('柯洁',53,1,1,'3,6'),('柯洁',53,2,2,'12,5'),('柯洁',53,3,1,'4,6'),('柯洁',53,4,2,'2,0'),('柯洁',53,5,1,'5,6'),('柯洁',53,6,2,'1,13'),('柯洁',53,7,1,'6,6'),('柯洁',53,8,2,'3,14'),('柯洁',53,9,1,'7,6'),('柯洁',54,1,1,'2,7'),('柯洁',54,2,2,'5,5'),('柯洁',54,3,1,'4,7'),('柯洁',54,4,2,'1,10'),('柯洁',54,5,1,'6,7'),('柯洁',54,6,2,'6,1'),('柯洁',54,7,1,'8,7'),('柯洁',54,8,2,'10,12'),('柯洁',54,9,1,'5,7'),('柯洁',54,10,2,'12,0'),('柯洁',54,11,1,'7,7'),('柯洁',55,1,1,'1,7'),('柯洁',55,2,2,'2,3'),('柯洁',55,3,1,'2,7'),('柯洁',55,4,2,'2,12'),('柯洁',55,5,1,'3,7'),('柯洁',55,6,2,'14,5'),('柯洁',55,7,1,'4,7'),('柯洁',55,8,2,'2,2'),('柯洁',55,9,1,'6,7'),('柯洁',55,10,2,'8,8'),('柯洁',55,11,1,'5,7'),('柯洁',56,1,1,'2,7'),('柯洁',56,2,2,'1,11'),('柯洁',56,3,1,'4,7'),('柯洁',56,4,2,'5,10'),('柯洁',56,5,1,'3,7'),('柯洁',56,6,2,'11,2'),('柯洁',56,7,1,'5,7'),('柯洁',56,8,2,'8,7'),('柯洁',56,9,1,'6,7'),('柯洁',57,1,1,'3,7'),('柯洁',57,2,2,'4,6'),('柯洁',57,3,1,'7,8'),('柯洁',57,4,2,'4,7'),('柯洁',57,5,1,'9,4'),('柯洁',57,6,2,'4,8'),('柯洁',57,7,1,'3,1'),('柯洁',57,8,2,'4,9'),('柯洁',57,9,1,'1,10'),('柯洁',57,10,2,'4,5'),('柯洁',58,1,1,'3,7'),('柯洁',58,2,2,'2,6'),('柯洁',58,3,1,'4,7'),('柯洁',58,4,2,'2,7'),('柯洁',58,5,1,'3,6'),('柯洁',58,6,2,'2,5'),('柯洁',58,7,1,'2,8'),('柯洁',58,8,2,'3,8'),('柯洁',58,9,1,'2,4'),('柯洁',58,10,2,'1,6'),('柯洁',58,11,1,'4,9'),('柯洁',58,12,2,'4,6'),('柯洁',58,13,1,'0,5'),('柯洁',58,14,2,'3,5'),('柯洁',58,15,1,'4,5'),('柯洁',58,16,2,'1,7'),('柯洁',58,17,1,'0,8'),('柯洁',58,18,2,'1,5'),('柯洁',58,19,1,'4,4'),('柯洁',58,20,2,'1,8'),('柯洁',58,21,1,'0,4'),('柯洁',58,22,2,'1,4'),('樊振东',1,1,1,'3,9'),('樊振东',1,2,2,'1,10'),('樊振东',1,3,1,'7,5'),('樊振东',1,4,2,'14,6'),('樊振东',1,5,1,'10,11'),('樊振东',1,6,2,'1,11'),('樊振东',1,7,1,'4,6'),('樊振东',1,8,2,'8,2'),('樊振东',1,9,1,'10,4'),('樊振东',1,10,2,'12,14'),('樊振东',1,11,1,'7,9'),('樊振东',1,12,2,'10,12'),('樊振东',1,13,1,'2,2'),('樊振东',1,14,2,'10,0'),('樊振东',1,15,1,'6,9'),('樊振东',1,16,2,'13,2'),('樊振东',1,17,1,'4,13'),('樊振东',1,18,2,'7,6'),('樊振东',1,19,1,'9,12'),('樊振东',1,20,2,'8,13'),('樊振东',1,21,1,'4,0'),('樊振东',1,22,2,'4,1'),('樊振东',1,23,1,'10,7'),('樊振东',1,24,2,'11,1'),('樊振东',1,25,1,'6,8'),('樊振东',1,26,2,'4,14'),('樊振东',1,27,1,'1,4'),('樊振东',1,28,2,'8,1'),('樊振东',1,29,1,'2,6'),('樊振东',1,30,2,'6,6'),('樊振东',1,31,1,'5,8'),('樊振东',1,32,2,'6,1'),('樊振东',1,33,1,'5,4'),('樊振东',1,34,2,'3,3'),('樊振东',1,35,1,'10,8'),('樊振东',1,36,2,'11,3'),('樊振东',1,37,1,'10,9'),('樊振东',1,38,2,'5,7'),('樊振东',1,39,1,'7,7'),('樊振东',1,40,2,'7,3'),('樊振东',1,41,1,'7,8'),('樊振东',1,42,2,'2,14'),('樊振东',1,43,1,'9,8'),('樊振东',1,44,2,'14,8'),('樊振东',1,45,1,'8,8'),('樊振东',2,1,1,'2,7'),('樊振东',2,2,2,'11,14'),('樊振东',2,3,1,'5,7'),('樊振东',2,4,2,'5,6'),('樊振东',2,5,1,'3,7'),('樊振东',2,6,2,'8,1'),('樊振东',2,7,1,'4,7'),('樊振东',2,8,2,'2,9'),('樊振东',2,9,1,'6,7'),('樊振东',3,1,1,'4,11'),('樊振东',3,2,2,'6,5'),('樊振东',3,3,1,'7,6'),('樊振东',3,4,2,'1,11'),('樊振东',3,5,1,'9,8'),('樊振东',3,6,2,'13,6'),('樊振东',3,7,1,'3,8'),('樊振东',3,8,2,'14,8'),('樊振东',3,9,1,'11,8'),('樊振东',3,10,2,'13,2'),('樊振东',3,11,1,'8,7'),('樊振东',3,12,2,'4,7'),('樊振东',3,13,1,'6,7'),('樊振东',3,14,2,'0,0'),('樊振东',3,15,1,'9,9'),('樊振东',3,16,2,'9,6'),('樊振东',3,17,1,'8,9'),('樊振东',3,18,2,'3,1'),('樊振东',3,19,1,'4,5'),('樊振东',3,20,2,'11,13'),('樊振东',3,21,1,'8,8'),('樊振东',3,22,2,'14,7'),('樊振东',3,23,1,'7,7'),('樊振东',3,24,2,'5,2'),('樊振东',3,25,1,'7,8'),('樊振东',3,26,2,'8,11'),('樊振东',3,27,1,'7,9'),('樊振东',3,28,2,'10,14'),('樊振东',3,29,1,'7,10'),('樊振东',4,1,1,'2,7'),('樊振东',4,2,2,'1,7'),('樊振东',4,3,1,'4,8'),('樊振东',4,4,2,'3,7'),('樊振东',4,5,1,'5,8'),('樊振东',4,6,2,'3,8'),('樊振东',4,7,1,'6,6'),('樊振东',4,8,2,'5,7'),('樊振东',4,9,1,'4,5'),('樊振东',4,10,2,'6,8'),('樊振东',4,11,1,'4,11'),('樊振东',4,12,2,'5,5'),('樊振东',4,13,1,'6,9'),('樊振东',4,14,2,'4,7'),('樊振东',4,15,1,'3,5'),('樊振东',4,16,2,'5,9'),('樊振东',4,17,1,'1,5'),('樊振东',4,18,2,'2,5'),('樊振东',4,19,1,'7,6'),('樊振东',4,20,2,'5,6'),('樊振东',4,21,1,'9,4'),('樊振东',4,22,2,'8,6'),('樊振东',4,23,1,'7,2'),('樊振东',4,24,2,'6,7'),('樊振东',4,25,1,'3,2'),('樊振东',4,26,2,'3,6'),('樊振东',4,27,1,'5,4'),('樊振东',4,28,2,'6,3'),('樊振东',4,29,1,'7,7'),('樊振东',4,30,2,'7,5'),('樊振东',4,31,1,'11,10'),('樊振东',4,32,2,'7,8'),('樊振东',4,33,1,'12,10'),('樊振东',4,34,2,'7,10'),('樊振东',4,35,1,'12,7'),('樊振东',4,36,2,'4,4'),('樊振东',4,37,1,'9,8'),('樊振东',4,38,2,'8,8'),('樊振东',4,39,1,'8,9'),('樊振东',4,40,2,'13,10'),('樊振东',4,41,1,'7,9'),('樊振东',4,42,2,'9,9'),('樊振东',4,43,1,'6,11'),('樊振东',4,44,2,'10,10'),('樊振东',4,45,1,'5,10'),('樊振东',4,46,2,'3,12'),('樊振东',4,47,1,'3,9'),('樊振东',4,48,2,'4,9'),('樊振东',4,49,1,'1,10'),('樊振东',4,50,2,'2,10'),('樊振东',4,51,1,'8,13'),('樊振东',4,52,2,'7,12'),('樊振东',4,53,1,'7,11'),('樊振东',4,54,2,'5,11'),('樊振东',4,55,1,'8,10'),('樊振东',4,56,2,'8,11'),('樊振东',4,57,1,'9,11'),('樊振东',4,58,2,'10,12'),('樊振东',4,59,1,'12,12'),('樊振东',4,60,2,'6,10'),('樊振东',4,61,1,'10,11'),('樊振东',4,62,2,'11,11'),('樊振东',4,63,1,'9,10'),('樊振东',4,64,2,'11,12'),('樊振东',4,65,1,'9,12'),('樊振东',4,66,2,'12,9'),('樊振东',4,67,1,'8,12'),('樊振东',4,68,2,'7,14'),('樊振东',4,69,1,'9,13'),('樊振东',4,70,2,'9,14'),('樊振东',4,71,1,'10,6'),('樊振东',4,72,2,'10,14'),('樊振东',4,73,1,'9,7'),('樊振东',4,74,2,'7,13'),('樊振东',4,75,1,'11,8'),('樊振东',4,76,2,'10,9'),('樊振东',4,77,1,'10,8'),('樊振东',4,78,2,'12,8'),('樊振东',4,79,1,'11,6'),('樊振东',4,80,2,'10,7'),('樊振东',4,81,1,'9,5'),('樊振东',4,82,2,'9,6'),('樊振东',4,83,1,'8,5'),('樊振东',4,84,2,'10,3'),('樊振东',4,85,1,'8,3'),('樊振东',4,86,2,'10,5'),('樊振东',4,87,1,'11,5'),('樊振东',4,88,2,'6,1'),('樊振东',4,89,1,'10,4'),('樊振东',4,90,2,'12,4'),('樊振东',4,91,1,'12,5'),('樊振东',4,92,2,'11,7'),('樊振东',4,93,1,'13,5'),('樊振东',4,94,2,'14,5'),('樊振东',4,95,1,'13,6'),('樊振东',4,96,2,'12,6'),('樊振东',4,97,1,'11,4'),('樊振东',4,98,2,'8,4'),('樊振东',4,99,1,'14,7'),('樊振东',4,100,2,'11,3'),('樊振东',4,101,1,'14,8'),('樊振东',4,102,2,'9,3'),('樊振东',4,103,1,'13,8'),('樊振东',4,104,2,'14,9'),('樊振东',4,105,1,'13,7'),('樊振东',4,106,2,'13,4'),('樊振东',4,107,1,'14,10'),('樊振东',4,108,2,'13,9'),('樊振东',4,109,1,'13,11'),('樊振东',4,110,2,'11,13'),('樊振东',4,111,1,'14,11'),('樊振东',4,112,2,'11,9'),('樊振东',5,1,1,'4,8'),('樊振东',5,2,2,'5,7'),('樊振东',5,3,1,'7,6'),('樊振东',5,4,2,'8,5'),('樊振东',5,5,1,'7,10'),('樊振东',5,6,2,'6,6'),('樊振东',5,7,1,'5,4'),('樊振东',5,8,2,'6,5'),('樊振东',5,9,1,'9,8'),('樊振东',5,10,2,'8,9'),('樊振东',5,11,1,'4,10'),('樊振东',5,12,2,'5,9'),('樊振东',5,13,1,'10,7'),('樊振东',5,14,2,'11,6'),('樊振东',5,15,1,'10,2'),('樊振东',5,16,2,'9,7'),('樊振东',5,17,1,'2,4'),('樊振东',5,18,2,'10,8'),('樊振东',5,19,1,'7,8'),('樊振东',5,20,2,'8,7'),('樊振东',5,21,1,'10,11'),('樊振东',5,22,2,'7,7'),('樊振东',5,23,1,'11,7'),('樊振东',5,24,2,'12,7'),('樊振东',5,25,1,'11,8'),('樊振东',5,26,2,'12,9'),('樊振东',5,27,1,'11,9'),('樊振东',5,28,2,'11,10'),('樊振东',5,29,1,'11,11'),('樊振东',5,30,2,'12,11'),('樊振东',5,31,1,'12,10'),('樊振东',5,32,2,'10,12'),('樊振东',5,33,1,'13,10'),('樊振东',5,34,2,'13,11'),('樊振东',5,35,1,'10,4'),('樊振东',5,36,2,'13,9'),('樊振东',5,37,1,'5,1'),('樊振东',5,38,2,'10,10'),('樊振东',5,39,1,'6,12'),('樊振东',5,40,2,'9,6'),('樊振东',5,41,1,'2,7'),('樊振东',5,42,2,'12,8'),('樊振东',5,43,1,'4,6'),('樊振东',5,44,2,'14,10'),('樊振东',5,45,1,'6,8'),('樊振东',5,46,2,'5,8'),('樊振东',5,47,1,'4,13'),('樊振东',5,48,2,'8,8'),('樊振东',5,49,1,'7,4'),('樊振东',5,50,2,'10,9'),('樊振东',5,51,1,'12,5'),('樊振东',5,52,2,'9,11'),('樊振东',5,53,1,'10,5'),('樊振东',5,54,2,'10,6'),('樊振东',5,55,1,'9,4'),('樊振东',5,56,2,'10,3'),('樊振东',5,57,1,'11,4'),('樊振东',5,58,2,'12,4'),('樊振东',5,59,1,'11,5'),('樊振东',5,60,2,'9,5'),('樊振东',5,61,1,'11,2'),('樊振东',5,62,2,'8,4'),('樊振东',5,63,1,'13,5'),('樊振东',5,64,2,'14,5'),('樊振东',5,65,1,'13,6'),('樊振东',5,66,2,'14,7'),('樊振东',5,67,1,'11,3'),('樊振东',5,68,2,'11,1'),('樊振东',5,69,1,'12,2'),('樊振东',5,70,2,'13,2'),('樊振东',5,71,1,'12,3'),('樊振东',5,72,2,'9,2'),('樊振东',5,73,1,'10,1'),('樊振东',5,74,2,'13,4'),('樊振东',5,75,1,'9,0'),('樊振东',5,76,2,'13,1'),('樊振东',5,77,1,'7,3'),('樊振东',5,78,2,'12,6'),('樊振东',5,79,1,'6,2'),('樊振东',5,80,2,'4,0'),('樊振东',5,81,1,'7,1'),('樊振东',5,82,2,'9,3'),('樊振东',5,83,1,'5,3'),('樊振东',5,84,2,'8,0'),('樊振东',5,85,1,'6,3'),('樊振东',5,86,2,'8,3'),('樊振东',5,87,1,'7,2'),('樊振东',5,88,2,'7,5'),('樊振东',6,1,1,'4,11'),('樊振东',6,2,2,'13,13'),('樊振东',6,3,1,'5,8'),('樊振东',6,4,2,'3,3'),('樊振东',6,5,1,'2,3'),('樊振东',6,6,2,'7,12'),('樊振东',6,7,1,'7,6'),('樊振东',6,8,2,'3,11'),('樊振东',6,9,1,'8,4'),('樊振东',6,10,2,'6,10'),('樊振东',6,11,1,'4,6'),('樊振东',6,12,2,'3,8'),('樊振东',6,13,1,'10,8'),('樊振东',6,14,2,'13,8'),('樊振东',6,15,1,'11,5'),('樊振东',6,16,2,'0,5'),('樊振东',6,17,1,'9,8'),('樊振东',6,18,2,'4,14'),('樊振东',6,19,1,'7,8'),('樊振东',6,20,2,'0,7'),('樊振东',6,21,1,'8,8'),('樊振东',6,22,2,'9,10'),('樊振东',6,23,1,'8,9'),('樊振东',6,24,2,'7,2'),('樊振东',6,25,1,'10,9'),('樊振东',6,26,2,'7,1'),('樊振东',6,27,1,'11,9'),('樊振东',6,28,2,'13,7'),('樊振东',6,29,1,'11,8'),('樊振东',7,1,1,'2,9'),('樊振东',7,2,2,'3,4'),('樊振东',7,3,1,'3,9'),('樊振东',7,4,2,'7,11'),('樊振东',7,5,1,'4,9'),('樊振东',7,6,2,'5,12'),('樊振东',7,7,1,'5,9'),('樊振东',7,8,2,'10,3'),('樊振东',7,9,1,'6,9'),('樊振东',8,1,1,'3,7'),('樊振东',8,2,2,'9,1'),('樊振东',8,3,1,'6,7'),('樊振东',8,4,2,'8,12'),('樊振东',8,5,1,'4,7'),('樊振东',8,6,2,'1,1'),('樊振东',8,7,1,'5,7'),('樊振东',8,8,2,'13,4'),('樊振东',8,9,1,'7,7'),('樊振东',9,1,1,'4,7'),('樊振东',9,2,2,'2,4'),('樊振东',9,3,1,'5,7'),('樊振东',9,4,2,'8,12'),('樊振东',9,5,1,'5,8'),('樊振东',9,6,2,'9,9'),('樊振东',9,7,1,'6,8'),('樊振东',9,8,2,'11,2'),('樊振东',9,9,1,'6,7'),('樊振东',9,10,2,'2,13'),('樊振东',9,11,1,'7,7'),('樊振东',9,12,2,'1,4'),('樊振东',9,13,1,'8,7'),('樊振东',10,1,1,'0,8'),('樊振东',10,2,2,'2,14'),('樊振东',10,3,1,'1,8'),('樊振东',10,4,2,'3,7'),('樊振东',10,5,1,'2,8'),('樊振东',10,6,2,'3,10'),('樊振东',10,7,1,'3,8'),('樊振东',10,8,2,'1,4'),('樊振东',10,9,1,'4,8'),('樊振东',11,1,1,'4,7'),('樊振东',11,2,2,'0,2'),('樊振东',11,3,1,'5,7'),('樊振东',11,4,2,'11,5'),('樊振东',11,5,1,'6,7'),('樊振东',11,6,2,'1,3'),('樊振东',11,7,1,'7,7'),('樊振东',11,8,2,'1,0'),('樊振东',11,9,1,'8,7'),('樊振东',12,1,1,'3,8'),('樊振东',12,2,2,'10,4'),('樊振东',12,3,1,'4,8'),('樊振东',12,4,2,'11,4'),('樊振东',12,5,1,'5,8'),('樊振东',12,6,2,'5,7'),('樊振东',12,7,1,'5,6'),('樊振东',12,8,2,'4,3'),('樊振东',12,9,1,'6,9'),('樊振东',12,10,2,'13,14'),('樊振东',12,11,1,'8,7'),('樊振东',12,12,2,'5,1'),('樊振东',12,13,1,'7,5'),('樊振东',12,14,2,'11,13'),('樊振东',12,15,1,'3,4'),('樊振东',12,16,2,'4,0'),('樊振东',12,17,1,'3,13'),('樊振东',12,18,2,'11,11'),('樊振东',12,19,1,'8,12'),('樊振东',12,20,2,'3,10'),('樊振东',12,21,1,'5,11'),('樊振东',12,22,2,'13,3'),('樊振东',12,23,1,'5,9'),('樊振东',12,24,2,'11,10'),('樊振东',12,25,1,'5,10'),('樊振东',12,26,2,'12,9'),('樊振东',12,27,1,'5,12'),('樊振东',13,1,1,'4,7'),('樊振东',13,2,2,'8,0'),('樊振东',13,3,1,'6,6'),('樊振东',13,4,2,'2,11'),('樊振东',13,5,1,'7,8'),('樊振东',13,6,2,'12,2'),('樊振东',13,7,1,'8,7'),('樊振东',13,8,2,'10,7'),('樊振东',13,9,1,'9,7'),('樊振东',13,10,2,'3,8'),('樊振东',13,11,1,'7,7'),('樊振东',13,12,2,'3,9'),('樊振东',13,13,1,'5,7'),('樊振东',13,14,2,'14,10'),('樊振东',13,15,1,'6,7'),('樊振东',14,1,1,'3,6'),('樊振东',14,2,2,'11,0'),('樊振东',14,3,1,'4,6'),('樊振东',14,4,2,'12,14'),('樊振东',14,5,1,'5,6'),('樊振东',14,6,2,'5,14'),('樊振东',14,7,1,'6,6'),('樊振东',14,8,2,'10,6'),('樊振东',14,9,1,'7,6'),('樊振东',15,1,1,'3,5'),('樊振东',15,2,2,'13,1'),('樊振东',15,3,1,'4,5'),('樊振东',15,4,2,'4,13'),('樊振东',15,5,1,'5,5'),('樊振东',15,6,2,'0,6'),('樊振东',15,7,1,'6,5'),('樊振东',15,8,2,'2,3'),('樊振东',15,9,1,'7,5'),('樊振东',16,1,1,'3,6'),('樊振东',16,2,2,'5,3'),('樊振东',16,3,1,'4,6'),('樊振东',16,4,2,'13,1'),('樊振东',16,5,1,'5,6'),('樊振东',16,6,2,'5,5'),('樊振东',16,7,1,'6,6'),('樊振东',16,8,2,'2,4'),('樊振东',16,9,1,'7,6'),('樊振东',17,1,1,'3,6'),('樊振东',17,2,2,'0,6'),('樊振东',17,3,1,'4,6'),('樊振东',17,4,2,'9,10'),('樊振东',17,5,1,'5,6'),('樊振东',17,6,2,'6,0'),('樊振东',17,7,1,'6,6'),('樊振东',17,8,2,'3,2'),('樊振东',17,9,1,'8,6'),('樊振东',17,10,2,'10,4'),('樊振东',17,11,1,'10,6'),('樊振东',17,12,2,'13,3'),('樊振东',17,13,1,'11,6'),('樊振东',17,14,2,'13,8'),('樊振东',17,15,1,'9,6'),('樊振东',17,16,2,'13,7'),('樊振东',17,17,1,'7,6'),('樊振东',18,1,1,'3,6'),('樊振东',18,2,2,'7,4'),('樊振东',18,3,1,'4,6'),('樊振东',18,4,2,'4,1'),('樊振东',18,5,1,'5,6'),('樊振东',18,6,2,'11,9'),('樊振东',18,7,1,'6,6'),('樊振东',18,8,2,'11,6'),('樊振东',18,9,1,'8,6'),('樊振东',18,10,2,'8,1'),('樊振东',18,11,1,'7,6'),('物联网2301杨祖正',1,1,1,'3,8'),('物联网2301杨祖正',1,2,2,'3,9'),('物联网2301杨祖正',1,3,1,'5,9'),('物联网2301杨祖正',1,4,2,'4,9'),('物联网2301杨祖正',1,5,1,'6,7'),('物联网2301杨祖正',1,6,2,'5,8'),('物联网2301杨祖正',1,7,1,'7,10'),('物联网2301杨祖正',1,8,2,'6,10'),('物联网2301杨祖正',1,9,1,'3,10'),('物联网2301杨祖正',1,10,2,'6,8'),('物联网2301杨祖正',1,11,1,'7,8'),('物联网2301杨祖正',1,12,2,'8,9'),('物联网2301杨祖正',1,13,1,'4,8'),('物联网2301杨祖正',1,14,2,'3,7'),('物联网2301杨祖正',1,15,1,'8,7'),('物联网2301杨祖正',1,16,2,'6,9'),('物联网2301杨祖正',1,17,1,'7,7'),('物联网2301杨祖正',1,18,2,'5,7'),('物联网2301杨祖正',1,19,1,'7,9'),('物联网2301杨祖正',1,20,2,'7,6'),('物联网2301杨祖正',1,21,1,'7,11'),('物联网2301杨祖正',3,1,1,'4,6'),('物联网2301杨祖正',3,2,2,'3,6'),('物联网2301杨祖正',3,3,1,'5,6'),('物联网2301杨祖正',3,4,2,'6,6'),('物联网2301杨祖正',3,5,1,'4,7'),('物联网2301杨祖正',3,6,2,'4,5'),('物联网2301杨祖正',3,7,1,'5,8'),('物联网2301杨祖正',3,8,2,'5,7'),('物联网2301杨祖正',3,9,1,'7,9'),('物联网2301杨祖正',3,10,2,'4,8'),('物联网2301杨祖正',3,11,1,'5,10'),('物联网2301杨祖正',3,12,2,'7,5'),('物联网2301杨祖正',3,13,1,'6,8'),('物联网2301杨祖正',3,14,2,'3,9'),('物联网2301杨祖正',4,1,1,'7,7'),('物联网2301杨祖正',4,2,2,'6,7'),('物联网2301杨祖正',4,3,1,'7,8'),('物联网2301杨祖正',4,4,2,'7,6'),('物联网2301杨祖正',4,5,1,'8,5'),('物联网2301杨祖正',4,6,2,'6,8'),('物联网2301杨祖正',4,7,1,'8,8'),('物联网2301杨祖正',4,8,2,'6,6'),('物联网2301杨祖正',4,9,1,'8,7'),('物联网2301杨祖正',4,10,2,'6,9'),('物联网2301杨祖正',4,11,1,'6,10'),('物联网2301杨祖正',4,12,2,'6,5'),('物联网2301杨祖正',5,1,1,'3,8'),('物联网2301杨祖正',5,2,2,'4,8'),('物联网2301杨祖正',5,3,1,'4,9'),('物联网2301杨祖正',5,4,2,'2,7'),('物联网2301杨祖正',5,5,1,'4,7'),('物联网2301杨祖正',5,6,2,'2,9'),('物联网2301杨祖正',5,7,1,'3,9'),('物联网2301杨祖正',5,8,2,'2,8'),('物联网2301杨祖正',5,9,1,'2,10'),('物联网2301杨祖正',5,10,2,'3,7'),('物联网2301杨祖正',5,11,1,'5,10'),('物联网2301杨祖正',5,12,2,'2,6'),('物联网2301杨祖正',5,13,1,'2,5'),('物联网2301杨祖正',5,14,2,'5,9'),('物联网2301杨祖正',5,15,1,'6,10'),('物联网2301杨祖正',5,16,2,'1,5'),('物联网2301杨祖正',6,1,1,'4,6'),('物联网2301杨祖正',6,2,2,'3,7'),('物联网2301杨祖正',6,3,1,'3,6'),('物联网2301杨祖正',6,4,2,'2,6'),('物联网2301杨祖正',6,5,1,'4,7'),('物联网2301杨祖正',6,6,2,'4,8'),('物联网2301杨祖正',6,7,1,'5,9'),('物联网2301杨祖正',6,8,2,'5,8'),('物联网2301杨祖正',6,9,1,'3,8'),('物联网2301杨祖正',6,10,2,'5,6'),('物联网2301杨祖正',6,11,1,'5,7'),('物联网2301杨祖正',6,12,2,'6,8'),('物联网2301杨祖正',6,13,1,'3,5'),('物联网2301杨祖正',6,14,2,'2,4'),('物联网2301杨祖正',6,15,1,'2,7'),('物联网2301杨祖正',6,16,2,'4,5'),('物联网2301杨祖正',6,17,1,'4,9'),('物联网2301杨祖正',6,18,2,'1,6'),('物联网2301杨祖正',6,19,1,'7,9'),('物联网2301杨祖正',6,20,2,'6,9'),('物联网2301杨祖正',6,21,1,'6,7'),('物联网2301杨祖正',6,22,2,'7,8'),('物联网2301杨祖正',6,23,1,'8,8'),('物联网2301杨祖正',6,24,2,'5,10'),('物联网2301杨祖正',6,25,1,'4,11'),('物联网2301杨祖正',6,26,2,'7,7'),('物联网2301杨祖正',6,27,1,'8,7'),('物联网2301杨祖正',6,28,2,'6,10'),('物联网2301杨祖正',6,29,1,'6,11'),('物联网2301杨祖正',6,30,2,'7,10'),('物联网2301杨祖正',6,31,1,'8,10'),('物联网2301杨祖正',6,32,2,'8,9'),('物联网2301杨祖正',6,33,1,'9,9'),('物联网2301杨祖正',6,34,2,'4,10'),('物联网2301杨祖正',6,35,1,'3,10'),('物联网2301杨祖正',6,36,2,'3,9'),('物联网2301杨祖正',6,37,1,'2,8'),('物联网2301杨祖正',6,38,2,'2,9'),('物联网2301杨祖正',6,39,1,'1,9'),('物联网2301杨祖正',6,40,2,'5,11'),('物联网2301杨祖正',6,41,1,'6,12'),('物联网2301杨祖正',6,42,2,'7,11'),('物联网2301杨祖正',6,43,1,'8,11'),('物联网2301杨祖正',6,44,2,'1,8'),('物联网2301杨祖正',6,45,1,'0,7'),('物联网2301杨祖正',6,46,2,'5,12'),('物联网2301杨祖正',6,47,1,'5,13'),('物联网2301杨祖正',6,48,2,'2,5'),('物联网2301杨祖正',6,49,1,'5,14'),('物联网2301杨祖正',6,50,2,'3,4'),('物联网2301杨祖正',7,1,1,'1,0'),('物联网2301杨祖正',7,2,2,'7,9'),('物联网2301杨祖正',7,3,1,'7,7'),('物联网2301杨祖正',7,4,2,'4,13'),('物联网2301杨祖正',7,5,1,'7,6'),('物联网2301杨祖正',7,6,2,'10,7'),('物联网2301杨祖正',7,7,1,'7,5'),('物联网2301杨祖正',7,8,2,'1,9'),('物联网2301杨祖正',7,9,1,'7,4'),('物联网2301杨祖正',7,10,2,'8,5'),('物联网2301杨祖正',7,11,1,'7,3'),('物联网2301杨祖正',8,1,1,'7,7'),('物联网2301杨祖正',8,2,2,'14,2'),('物联网2301杨祖正',8,3,1,'7,6'),('物联网2301杨祖正',8,4,2,'14,7'),('物联网2301杨祖正',8,5,1,'7,4'),('物联网2301杨祖正',8,6,2,'1,13'),('物联网2301杨祖正',8,7,1,'7,3'),('物联网2301杨祖正',8,8,2,'8,8'),('物联网2301杨祖正',8,9,1,'7,2'),('物联网2301杨祖正',8,10,2,'13,2'),('物联网2301杨祖正',8,11,1,'7,0'),('物联网2301杨祖正',8,12,2,'12,3'),('物联网2301杨祖正',9,1,1,'7,7'),('物联网2301杨祖正',9,2,2,'4,14'),('物联网2301杨祖正',9,3,1,'7,6'),('物联网2301杨祖正',9,4,2,'10,9'),('物联网2301杨祖正',9,5,1,'7,4'),('物联网2301杨祖正',9,6,2,'2,11'),('物联网2301杨祖正',9,7,1,'7,3'),('物联网2301杨祖正',9,8,2,'0,5'),('物联网2301杨祖正',9,9,1,'7,2'),('物联网2301杨祖正',9,10,2,'11,11'),('物联网2301杨祖正',9,11,1,'7,0'),('物联网2301杨祖正',9,12,2,'12,3'),('物联网2301杨祖正',9,13,1,'7,5'),('物联网2301杨祖正',10,1,1,'7,7'),('物联网2301杨祖正',10,2,2,'7,6'),('物联网2301杨祖正',10,3,1,'8,7'),('物联网2301杨祖正',10,4,2,'6,7'),('物联网2301杨祖正',10,5,1,'8,8'),('物联网2301杨祖正',10,6,2,'8,6'),('物联网2301杨祖正',10,7,1,'9,7'),('物联网2301杨祖正',10,8,2,'10,7'),('物联网2301杨祖正',10,9,1,'9,8'),('物联网2301杨祖正',10,10,2,'9,9'),('物联网2301杨祖正',10,11,1,'10,6'),('物联网2301杨祖正',10,12,2,'7,9'),('物联网2301杨祖正',10,13,1,'9,6'),('物联网2301杨祖正',10,14,2,'9,5'),('物联网2301杨祖正',10,15,1,'7,8'),('物联网2301杨祖正',10,16,2,'6,8'),('物联网2301杨祖正',10,17,1,'10,5'),('物联网2301杨祖正',10,18,2,'11,4'),('物联网2301杨祖正',10,19,1,'6,9'),('物联网2301杨祖正',11,1,1,'4,8'),('物联网2301杨祖正',11,2,2,'4,9'),('物联网2301杨祖正',11,3,1,'5,8'),('物联网2301杨祖正',11,4,2,'3,8'),('物联网2301杨祖正',11,5,1,'5,9'),('物联网2301杨祖正',11,6,2,'6,8'),('物联网2301杨祖正',11,7,1,'5,7'),('物联网2301杨祖正',11,8,2,'5,6'),('物联网2301杨祖正',11,9,1,'4,7'),('物联网2301杨祖正',11,10,2,'5,10'),('物联网2301杨祖正',11,11,1,'6,7'),('物联网2301杨祖正',11,12,2,'3,7'),('物联网2301杨祖正',11,13,1,'7,7'),('物联网2301杨祖正',11,14,2,'8,7'),('物联网2301杨祖正',11,15,1,'7,10'),('物联网2301杨祖正',11,16,2,'6,9'),('物联网2301杨祖正',11,17,1,'7,8'),('物联网2301杨祖正',11,18,2,'7,6'),('物联网2301杨祖正',11,19,1,'7,11'),('物联网2301杨祖正',11,20,2,'7,9'),('物联网2301杨祖正',11,21,1,'6,10'),('物联网2301杨祖正',11,22,2,'8,12'),('物联网2301杨祖正',11,23,1,'8,9'),('物联网2301杨祖正',11,24,2,'9,10'),('物联网2301杨祖正',11,25,1,'8,10'),('物联网2301杨祖正',11,26,2,'8,11'),('物联网2301杨祖正',11,27,1,'9,8'),('物联网2301杨祖正',11,28,2,'6,11'),('物联网2301杨祖正',11,29,1,'7,12'),('物联网2301杨祖正',11,30,2,'7,13'),('物联网2301杨祖正',11,31,1,'2,7'),('物联网2301杨祖正',11,32,2,'10,7'),('物联网2301杨祖正',11,33,1,'10,8'),('物联网2301杨祖正',11,34,2,'8,8'),('物联网2301杨祖正',11,35,1,'11,8'),('物联网2301杨祖正',11,36,2,'12,8'),('物联网2301杨祖正',11,37,1,'9,9'),('物联网2301杨祖正',11,38,2,'6,12'),('物联网2301杨祖正',11,39,1,'11,7'),('物联网2301杨祖正',13,1,1,'3,9'),('物联网2301杨祖正',13,2,2,'3,10'),('物联网2301杨祖正',13,3,1,'4,9'),('物联网2301杨祖正',13,4,2,'2,9'),('物联网2301杨祖正',13,5,1,'2,10'),('物联网2301杨祖正',13,6,2,'4,8'),('物联网2301杨祖正',13,7,1,'4,10'),('物联网2301杨祖正',13,8,2,'5,9'),('物联网2301杨祖正',13,9,1,'3,8'),('物联网2301杨祖正',13,10,2,'2,8'),('物联网2301杨祖正',13,11,1,'2,7'),('物联网2301杨祖正',13,12,2,'5,10'),('物联网2301杨祖正',13,13,1,'5,11'),('物联网2301杨祖正',13,14,2,'6,12'),('物联网2301杨祖正',13,15,1,'5,8'),('物联网2301杨祖正',13,16,2,'1,6'),('物联网2301杨祖正',13,17,1,'4,7'),('物联网2301杨祖正',13,18,2,'3,7'),('物联网2301杨祖正',13,19,1,'3,6'),('物联网2301杨祖正',13,20,2,'6,9'),('物联网2301杨祖正',13,21,1,'4,6'),('物联网2301杨祖正',13,22,2,'2,5'),('物联网2301杨祖正',13,23,1,'5,5'),('物联网2301杨祖正',13,24,2,'5,6'),('物联网2301杨祖正',13,25,1,'4,5'),('物联网2301杨祖正',13,26,2,'4,4'),('物联网2301杨祖正',13,27,1,'5,4'),('物联网2301杨祖正',13,28,2,'6,3'),('物联网2301杨祖正',13,29,1,'1,8'),('物联网2301杨祖正',15,1,1,'4,8'),('物联网2301杨祖正',15,2,2,'4,7'),('物联网2301杨祖正',15,3,1,'5,9'),('物联网2301杨祖正',15,4,2,'3,7'),('物联网2301杨祖正',15,5,1,'2,8'),('物联网2301杨祖正',15,6,2,'6,10'),('物联网2301杨祖正',15,7,1,'5,8'),('物联网2301杨祖正',15,8,2,'5,7'),('物联网2301杨祖正',15,9,1,'3,8'),('物联网2301杨祖正',15,10,2,'6,8'),('物联网2301杨祖正',15,11,1,'1,8'),('物联网2301杨祖正',16,1,1,'3,8'),('物联网2301杨祖正',16,2,2,'10,9'),('物联网2301杨祖正',16,3,1,'4,7'),('物联网2301杨祖正',16,4,2,'4,2'),('物联网2301杨祖正',16,5,1,'5,6'),('物联网2301杨祖正',16,6,2,'5,5'),('物联网2301杨祖正',16,7,1,'6,5'),('物联网2301杨祖正',16,8,2,'1,5'),('物联网2301杨祖正',16,9,1,'7,4'),('物联网2301杨祖正',17,1,1,'3,9'),('物联网2301杨祖正',17,2,2,'1,8'),('物联网2301杨祖正',17,3,1,'4,9'),('物联网2301杨祖正',17,4,2,'5,13'),('物联网2301杨祖正',17,5,1,'5,9'),('物联网2301杨祖正',17,6,2,'4,12'),('物联网2301杨祖正',17,7,1,'6,9'),('物联网2301杨祖正',17,8,2,'6,4'),('物联网2301杨祖正',17,9,1,'7,9'),('物联网2301杨祖正',18,1,1,'2,7'),('物联网2301杨祖正',18,2,2,'12,0'),('物联网2301杨祖正',18,3,1,'3,7'),('物联网2301杨祖正',18,4,2,'8,13'),('物联网2301杨祖正',18,5,1,'4,7'),('物联网2301杨祖正',18,6,2,'9,9'),('物联网2301杨祖正',18,7,1,'5,7'),('物联网2301杨祖正',18,8,2,'4,8'),('物联网2301杨祖正',18,9,1,'6,7'),('物联网2301杨祖正',19,1,1,'1,9'),('物联网2301杨祖正',19,2,2,'6,8'),('物联网2301杨祖正',19,3,1,'2,9'),('物联网2301杨祖正',19,4,2,'1,10'),('物联网2301杨祖正',19,5,1,'3,9'),('物联网2301杨祖正',19,6,2,'5,4'),('物联网2301杨祖正',19,7,1,'4,9'),('物联网2301杨祖正',19,8,2,'10,3'),('物联网2301杨祖正',19,9,1,'5,9'),('物联网2301杨祖正',20,1,1,'3,8'),('物联网2301杨祖正',20,2,2,'2,8'),('物联网2301杨祖正',20,3,1,'4,8'),('物联网2301杨祖正',20,4,2,'5,8'),('物联网2301杨祖正',20,5,1,'4,9'),('物联网2301杨祖正',20,6,2,'4,7'),('物联网2301杨祖正',20,7,1,'2,7'),('物联网2301杨祖正',20,8,2,'5,10'),('物联网2301杨祖正',20,9,1,'3,9'),('物联网2301杨祖正',20,10,2,'1,6'),('物联网2301杨祖正',20,11,1,'3,10'),('物联网2301杨祖正',20,12,2,'3,7'),('物联网2301杨祖正',20,13,1,'3,11'),('物联网2301杨祖正',20,14,2,'3,12'),('物联网2301杨祖正',20,15,1,'4,10'),('物联网2301杨祖正',20,16,2,'4,11'),('物联网2301杨祖正',20,17,1,'5,9'),('物联网2301杨祖正',20,18,2,'2,9'),('物联网2301杨祖正',20,19,1,'6,9'),('物联网2301杨祖正',20,20,2,'7,9'),('物联网2301杨祖正',20,21,1,'6,8'),('物联网2301杨祖正',20,22,2,'2,12'),('物联网2301杨祖正',20,23,1,'7,7'),('物联网2301杨祖正',21,1,1,'7,7'),('物联网2301杨祖正',21,2,2,'8,7'),('物联网2301杨祖正',21,3,1,'7,6'),('物联网2301杨祖正',21,4,2,'7,5'),('物联网2301杨祖正',21,5,1,'7,4'),('物联网2301杨祖正',21,6,2,'7,8'),('物联网2301杨祖正',21,7,1,'7,3'),('物联网2301杨祖正',21,8,2,'7,2'),('物联网2301杨祖正',21,9,1,'7,1'),('物联网2301杨祖正',21,10,2,'6,6'),('物联网2301杨祖正',22,1,1,'2,7'),('物联网2301杨祖正',22,2,2,'10,7'),('物联网2301杨祖正',22,3,1,'3,7'),('物联网2301杨祖正',22,4,2,'14,12'),('物联网2301杨祖正',22,5,1,'4,7'),('物联网2301杨祖正',22,6,2,'13,3'),('物联网2301杨祖正',22,7,1,'5,7'),('物联网2301杨祖正',22,8,2,'11,5'),('物联网2301杨祖正',22,9,1,'6,7'),('物联网2301杨祖正',23,1,1,'4,6'),('物联网2301杨祖正',23,2,2,'0,4'),('物联网2301杨祖正',23,3,1,'5,6'),('物联网2301杨祖正',23,4,2,'5,14'),('物联网2301杨祖正',23,5,1,'6,6'),('物联网2301杨祖正',23,6,2,'3,3'),('物联网2301杨祖正',23,7,1,'7,6'),('物联网2301杨祖正',23,8,2,'8,7'),('物联网2301杨祖正',23,9,1,'8,6'),('物联网2301杨祖正',24,1,1,'2,7'),('物联网2301杨祖正',24,2,2,'7,8'),('物联网2301杨祖正',24,3,1,'3,7'),('物联网2301杨祖正',24,4,2,'11,2'),('物联网2301杨祖正',24,5,1,'4,7'),('物联网2301杨祖正',24,6,2,'12,4'),('物联网2301杨祖正',24,7,1,'5,7'),('物联网2301杨祖正',24,8,2,'9,14'),('物联网2301杨祖正',24,9,1,'6,7'),('物联网2301杨祖正',25,1,1,'4,6'),('物联网2301杨祖正',25,2,2,'9,1'),('物联网2301杨祖正',25,3,1,'5,6'),('物联网2301杨祖正',25,4,2,'2,2'),('物联网2301杨祖正',25,5,1,'6,6'),('物联网2301杨祖正',25,6,2,'12,0'),('物联网2301杨祖正',25,7,1,'7,6'),('物联网2301杨祖正',25,8,2,'5,7'),('物联网2301杨祖正',25,9,1,'8,6'),('王励勤',1,1,1,'5,9'),('王励勤',1,2,2,'5,13'),('王励勤',1,3,1,'8,5'),('王励勤',1,4,2,'8,11'),('王励勤',1,5,1,'10,9'),('王励勤',1,6,2,'12,1'),('王励勤',1,7,1,'9,8'),('王励勤',1,8,2,'3,12'),('王励勤',1,9,1,'6,7'),('王励勤',1,10,2,'1,1'),('王励勤',1,11,1,'7,7'),('王励勤',1,12,2,'14,9'),('王励勤',1,13,1,'9,7'),('王励勤',1,14,2,'6,0'),('王励勤',1,15,1,'7,6'),('王励勤',1,16,2,'11,2'),('王励勤',1,17,1,'8,7'),('王励勤',1,18,2,'14,5'),('王励勤',1,19,1,'8,6'),('王励勤',1,20,2,'9,2'),('王励勤',1,21,1,'6,6'),('王励勤',1,22,2,'13,12'),('王励勤',1,23,1,'4,6'),('王励勤',1,24,2,'11,11'),('王励勤',1,25,1,'5,6'),('王励勤',2,1,1,'4,6'),('王励勤',2,2,2,'3,3'),('王励勤',2,3,1,'5,6'),('王励勤',2,4,2,'4,7'),('王励勤',2,5,1,'6,6'),('王励勤',2,6,2,'5,3'),('王励勤',2,7,1,'7,6'),('王励勤',2,8,2,'12,10'),('王励勤',2,9,1,'8,6'),('王励勤',3,1,1,'3,11'),('王励勤',3,2,2,'3,6'),('王励勤',3,3,1,'5,8'),('王励勤',3,4,2,'11,8'),('王励勤',3,5,1,'4,9'),('王励勤',3,6,2,'14,1'),('王励勤',3,7,1,'5,9'),('王励勤',3,8,2,'2,5'),('王励勤',3,9,1,'6,9'),('王励勤',3,10,2,'3,1'),('王励勤',3,11,1,'7,9'),('王励勤',3,12,2,'4,12'),('王励勤',3,13,1,'8,9'),('王励勤',4,1,1,'2,8'),('王励勤',4,2,2,'9,9'),('王励勤',4,3,1,'3,8'),('王励勤',4,4,2,'10,0'),('王励勤',4,5,1,'4,8'),('王励勤',4,6,2,'6,5'),('王励勤',4,7,1,'5,8'),('王励勤',4,8,2,'11,5'),('王励勤',4,9,1,'6,8'),('王励勤',5,1,1,'3,5'),('王励勤',5,2,2,'7,1'),('王励勤',5,3,1,'4,5'),('王励勤',5,4,2,'2,1'),('王励勤',5,5,1,'5,5'),('王励勤',5,6,2,'6,9'),('王励勤',5,7,1,'6,5'),('王励勤',5,8,2,'0,11'),('王励勤',5,9,1,'8,5'),('王励勤',5,10,2,'2,4'),('王励勤',5,11,1,'7,5'),('王励勤',6,1,1,'3,7'),('王励勤',6,2,2,'4,8'),('王励勤',6,3,1,'4,7'),('王励勤',6,4,2,'14,11'),('王励勤',6,5,1,'5,7'),('王励勤',6,6,2,'1,7'),('王励勤',6,7,1,'6,7'),('王励勤',6,8,2,'2,8'),('王励勤',6,9,1,'7,7'),('王励勤',7,1,1,'3,6'),('王励勤',7,2,2,'8,12'),('王励勤',7,3,1,'4,6'),('王励勤',7,4,2,'13,0'),('王励勤',7,5,1,'4,8'),('王励勤',7,6,2,'8,6'),('王励勤',7,7,1,'5,7'),('王励勤',7,8,2,'12,11'),('王励勤',7,9,1,'4,7'),('王励勤',7,10,2,'3,11'),('王励勤',7,11,1,'3,7'),('王励勤',7,12,2,'7,6'),('王励勤',7,13,1,'2,7'),('王励勤',7,14,2,'2,2'),('王励勤',7,15,1,'0,7'),('王励勤',7,16,2,'6,2'),('王励勤',7,17,1,'1,7'),('王励勤',8,1,1,'4,4'),('王励勤',8,2,2,'11,1'),('王励勤',8,3,1,'5,4'),('王励勤',8,4,2,'14,2'),('王励勤',8,5,1,'5,5'),('王励勤',8,6,2,'8,7'),('王励勤',8,7,1,'4,5'),('王励勤',8,8,2,'4,6'),('王励勤',8,9,1,'5,6'),('王励勤',8,10,2,'7,4'),('王励勤',8,11,1,'6,6'),('王励勤',8,12,2,'9,1'),('王励勤',8,13,1,'7,6'),('王励勤',8,14,2,'6,1'),('王励勤',8,15,1,'8,6'),('王励勤',8,16,2,'8,9'),('王励勤',8,17,1,'9,6'),('王励勤',9,1,1,'4,8'),('王励勤',9,2,2,'3,3'),('王励勤',9,3,1,'5,8'),('王励勤',9,4,2,'3,10'),('王励勤',9,5,1,'6,8'),('王励勤',9,6,2,'7,4'),('王励勤',9,7,1,'7,8'),('王励勤',9,8,2,'4,6'),('王励勤',9,9,1,'8,8'),('王励勤',10,1,1,'4,7'),('王励勤',10,2,2,'9,2'),('王励勤',10,3,1,'5,8'),('王励勤',10,4,2,'6,6'),('王励勤',10,5,1,'6,7'),('王励勤',10,6,2,'11,0'),('王励勤',10,7,1,'7,7'),('王励勤',10,8,2,'1,6'),('王励勤',10,9,1,'8,7'),('王励勤',10,10,2,'14,12'),('王励勤',10,11,1,'10,7'),('王励勤',10,12,2,'10,8'),('王励勤',10,13,1,'9,7'),('王励勤',11,1,1,'4,7'),('王励勤',11,2,2,'13,12'),('王励勤',11,3,1,'5,7'),('王励勤',11,4,2,'7,14'),('王励勤',11,5,1,'6,7'),('王励勤',11,6,2,'6,9'),('王励勤',11,7,1,'7,7'),('王励勤',11,8,2,'4,0'),('王励勤',11,9,1,'9,7'),('王励勤',11,10,2,'5,11'),('王励勤',11,11,1,'8,7'),('王励勤',12,1,1,'2,6'),('王励勤',12,2,2,'4,0'),('王励勤',12,3,1,'4,6'),('王励勤',12,4,2,'8,3'),('王励勤',12,5,1,'5,6'),('王励勤',12,6,2,'14,11'),('王励勤',12,7,1,'6,6'),('王励勤',12,8,2,'3,5'),('王励勤',12,9,1,'7,6'),('王励勤',12,10,2,'13,8'),('王励勤',12,11,1,'8,6'),('王励勤',13,1,1,'2,6'),('王励勤',13,2,2,'9,13'),('王励勤',13,3,1,'3,6'),('王励勤',13,4,2,'9,10'),('王励勤',13,5,1,'4,8'),('王励勤',13,6,2,'6,8'),('王励勤',13,7,1,'4,11'),('王励勤',13,8,2,'10,8'),('王励勤',13,9,1,'7,5'),('王励勤',13,10,2,'0,14'),('王励勤',13,11,1,'4,6'),('王励勤',13,12,2,'9,1'),('王励勤',13,13,1,'5,6'),('王励勤',13,14,2,'3,7'),('王励勤',13,15,1,'6,6'),('王励勤',14,1,1,'3,7'),('王励勤',14,2,2,'3,8'),('王励勤',14,3,1,'5,8'),('王励勤',14,4,2,'4,7'),('王励勤',14,5,1,'6,6'),('王励勤',14,6,2,'5,6'),('王励勤',14,7,1,'10,8'),('王励勤',14,8,2,'6,5'),('王励勤',14,9,1,'10,13'),('王励勤',14,10,2,'7,4'),('王励勤',15,1,1,'2,8'),('王励勤',15,2,2,'1,8'),('王励勤',15,3,1,'3,8'),('王励勤',15,4,2,'4,8'),('王励勤',15,5,1,'5,8'),('王励勤',15,6,2,'2,9'),('王励勤',15,7,1,'6,8'),('王励勤',15,8,2,'3,10'),('王励勤',15,9,1,'7,8'),('王励勤',15,10,2,'4,11'),('王励勤',15,11,1,'8,8'),('王励勤',15,12,2,'5,12'),('王楚钦',1,1,1,'3,5'),('王楚钦',1,2,2,'1,5'),('王楚钦',1,3,1,'4,5'),('王楚钦',1,4,2,'0,1'),('王楚钦',1,5,1,'5,5'),('王楚钦',1,6,2,'10,0'),('王楚钦',1,7,1,'6,5'),('王楚钦',1,8,2,'8,2'),('王楚钦',1,9,1,'7,5'),('王楚钦',2,1,1,'2,5'),('王楚钦',2,2,2,'4,6'),('王楚钦',2,3,1,'3,5'),('王楚钦',2,4,2,'7,7'),('王楚钦',2,5,1,'4,5'),('王楚钦',2,6,2,'14,4'),('王楚钦',2,7,1,'5,5'),('王楚钦',2,8,2,'3,9'),('王楚钦',2,9,1,'6,5'),('王楚钦',3,1,1,'2,6'),('王楚钦',3,2,2,'12,14'),('王楚钦',3,3,1,'3,6'),('王楚钦',3,4,2,'7,14'),('王楚钦',3,5,1,'4,6'),('王楚钦',3,6,2,'8,0'),('王楚钦',3,7,1,'5,6'),('王楚钦',3,8,2,'11,7'),('王楚钦',3,9,1,'6,6'),('王楚钦',4,1,1,'1,6'),('王楚钦',4,2,2,'4,9'),('王楚钦',4,3,1,'3,6'),('王楚钦',4,4,2,'5,3'),('王楚钦',4,5,1,'2,6'),('王楚钦',4,6,2,'5,11'),('王楚钦',4,7,1,'4,6'),('王楚钦',4,8,2,'3,1'),('王楚钦',4,9,1,'5,6'),('王楚钦',5,1,1,'2,6'),('王楚钦',5,2,2,'1,7'),('王楚钦',5,3,1,'3,7'),('王楚钦',5,4,2,'1,5'),('王楚钦',5,5,1,'4,7'),('王楚钦',5,6,2,'1,6'),('王楚钦',5,7,1,'6,7'),('王楚钦',5,8,2,'1,8'),('王楚钦',5,9,1,'7,8'),('王楚钦',5,10,2,'1,4'),('王楚钦',6,1,1,'2,8'),('王楚钦',6,2,2,'3,7'),('王楚钦',6,3,1,'4,7'),('王楚钦',6,4,2,'3,8'),('王楚钦',6,5,1,'6,6'),('王楚钦',6,6,2,'3,9'),('王楚钦',6,7,1,'8,8'),('王楚钦',6,8,2,'3,6'),('王楚钦',6,9,1,'8,10'),('王楚钦',6,10,2,'3,5'),('王楚钦',7,1,1,'4,6'),('王楚钦',7,2,2,'10,11'),('王楚钦',7,3,1,'5,5'),('王楚钦',7,4,2,'2,8'),('王楚钦',7,5,1,'6,6'),('王楚钦',7,6,2,'3,0'),('王楚钦',7,7,1,'7,6'),('王楚钦',7,8,2,'0,7'),('王楚钦',7,9,1,'8,6'),('王楚钦',7,10,2,'3,14'),('王楚钦',7,11,1,'9,6'),('王楚钦',7,12,2,'9,4'),('王楚钦',7,13,1,'10,6'),('王楚钦',8,1,1,'1,7'),('王楚钦',8,2,2,'2,13'),('王楚钦',8,3,1,'2,7'),('王楚钦',8,4,2,'8,7'),('王楚钦',8,5,1,'3,7'),('王楚钦',8,6,2,'13,13'),('王楚钦',8,7,1,'4,7'),('王楚钦',8,8,2,'6,7'),('王楚钦',8,9,1,'5,7'),('王楚钦',10,1,1,'3,7'),('王楚钦',10,2,2,'2,6'),('王楚钦',10,3,1,'8,6'),('王楚钦',10,4,2,'3,6'),('王楚钦',10,5,1,'11,10'),('王楚钦',10,6,2,'4,6'),('王楚钦',10,7,1,'8,11'),('王楚钦',10,8,2,'1,6'),('王楚钦',10,9,1,'5,10'),('王楚钦',10,10,2,'5,6'),('王楚钦',11,1,1,'3,8'),('王楚钦',11,2,2,'2,8'),('王楚钦',11,3,1,'8,5'),('王楚钦',11,4,2,'2,7'),('王楚钦',11,5,1,'10,9'),('王楚钦',11,6,2,'2,9'),('王楚钦',11,7,1,'4,11'),('王楚钦',11,8,2,'2,10'),('王楚钦',11,9,1,'3,10'),('王楚钦',11,10,2,'2,11'),('王楚钦',12,1,1,'7,7'),('王楚钦',12,2,2,'8,6'),('王楚钦',12,3,1,'10,8'),('王楚钦',12,4,2,'8,7'),('王楚钦',12,5,1,'8,11'),('王楚钦',12,6,2,'8,8'),('王楚钦',12,7,1,'2,7'),('王楚钦',12,8,2,'8,9'),('王楚钦',12,9,1,'4,2'),('王楚钦',12,10,2,'8,10'),('王楚钦',13,1,1,'2,7'),('王楚钦',13,2,2,'2,6'),('王楚钦',13,3,1,'8,6'),('王楚钦',13,4,2,'3,7'),('王楚钦',13,5,1,'9,10'),('王楚钦',13,6,2,'1,5'),('王楚钦',13,7,1,'4,12'),('王楚钦',13,8,2,'4,8'),('王楚钦',13,9,1,'2,11'),('王楚钦',13,10,2,'0,4'),('王楚钦',14,1,1,'5,7'),('王楚钦',14,2,2,'6,7'),('王楚钦',14,3,1,'10,6'),('王楚钦',14,4,2,'5,6'),('王楚钦',14,5,1,'9,11'),('王楚钦',14,6,2,'7,8'),('王楚钦',14,7,1,'4,11'),('王楚钦',14,8,2,'4,5'),('王楚钦',14,9,1,'0,8'),('王楚钦',14,10,2,'3,4'),('王楚钦',15,1,1,'3,7'),('王楚钦',15,2,2,'4,8'),('王楚钦',15,3,1,'8,5'),('王楚钦',15,4,2,'3,8'),('王楚钦',15,5,1,'9,8'),('王楚钦',15,6,2,'2,8'),('王楚钦',15,7,1,'8,10'),('王楚钦',15,8,2,'1,8'),('王楚钦',15,9,1,'4,11'),('王楚钦',15,10,2,'0,8'),('王楚钦',16,1,1,'4,3'),('王楚钦',16,2,2,'4,2'),('王楚钦',16,3,1,'10,5'),('王楚钦',16,4,2,'3,2'),('王楚钦',16,5,1,'10,8'),('王楚钦',16,6,2,'5,2'),('王楚钦',16,7,1,'3,11'),('王楚钦',16,8,2,'6,2'),('王楚钦',16,9,1,'2,9'),('王楚钦',16,10,2,'2,2'),('王楚钦',17,1,1,'5,5'),('王楚钦',17,2,2,'5,4'),('王楚钦',17,3,1,'10,7'),('王楚钦',17,4,2,'6,5'),('王楚钦',17,5,1,'9,9'),('王楚钦',17,6,2,'4,3'),('王楚钦',17,7,1,'2,8'),('王楚钦',17,8,2,'3,2'),('王楚钦',17,9,1,'1,6'),('王楚钦',17,10,2,'2,1'),('王楚钦',18,1,1,'10,3'),('王楚钦',18,2,2,'11,3'),('王楚钦',18,3,1,'11,5'),('王楚钦',18,4,2,'11,4'),('王楚钦',18,5,1,'5,9'),('王楚钦',18,6,2,'10,4'),('王楚钦',18,7,1,'3,6'),('王楚钦',18,8,2,'12,4'),('王楚钦',18,9,1,'7,3'),('王楚钦',18,10,2,'9,4'),('王楚钦',18,11,1,'10,7'),('王楚钦',18,12,2,'8,4'),('王皓',1,1,1,'0,10'),('王皓',1,2,2,'13,7'),('王皓',1,3,1,'1,10'),('王皓',1,4,2,'0,7'),('王皓',1,5,1,'2,10'),('王皓',1,6,2,'9,7'),('王皓',1,7,1,'3,10'),('王皓',1,8,2,'7,3'),('王皓',1,9,1,'4,10'),('王皓',2,1,1,'2,8'),('王皓',2,2,2,'2,14'),('王皓',2,3,1,'3,8'),('王皓',2,4,2,'1,4'),('王皓',2,5,1,'4,8'),('王皓',2,6,2,'4,4'),('王皓',2,7,1,'5,8'),('王皓',2,8,2,'11,3'),('王皓',2,9,1,'6,8'),('王皓',3,1,1,'4,8'),('王皓',3,2,2,'7,7'),('王皓',3,3,1,'5,8'),('王皓',3,4,2,'6,6'),('王皓',3,5,1,'6,8'),('王皓',3,6,2,'4,11'),('王皓',3,7,1,'7,8'),('王皓',3,8,2,'0,6'),('王皓',3,9,1,'8,8'),('王皓',4,1,1,'2,7'),('王皓',4,2,2,'2,10'),('王皓',4,3,1,'4,7'),('王皓',4,4,2,'5,2'),('王皓',4,5,1,'5,7'),('王皓',4,6,2,'1,1'),('王皓',4,7,1,'6,7'),('王皓',4,8,2,'3,0'),('王皓',4,9,1,'7,7'),('王皓',4,10,2,'14,11'),('王皓',4,11,1,'8,7'),('王皓',5,1,1,'2,9'),('王皓',5,2,2,'13,8'),('王皓',5,3,1,'4,9'),('王皓',5,4,2,'4,11'),('王皓',5,5,1,'3,9'),('王皓',5,6,2,'9,6'),('王皓',5,7,1,'5,9'),('王皓',5,8,2,'6,3'),('王皓',5,9,1,'6,9'),('王皓',6,1,1,'3,6'),('王皓',6,2,2,'14,9'),('王皓',6,3,1,'4,6'),('王皓',6,4,2,'4,7'),('王皓',6,5,1,'5,6'),('王皓',6,6,2,'7,0'),('王皓',6,7,1,'6,6'),('王皓',6,8,2,'6,2'),('王皓',6,9,1,'8,6'),('王皓',6,10,2,'2,1'),('王皓',6,11,1,'7,7'),('王皓',6,12,2,'11,14'),('王皓',6,13,1,'7,6'),('王皓',7,1,1,'3,7'),('王皓',7,2,2,'12,13'),('王皓',7,3,1,'4,7'),('王皓',7,4,2,'14,6'),('王皓',7,5,1,'5,7'),('王皓',7,6,2,'14,8'),('王皓',7,7,1,'6,7'),('王皓',7,8,2,'1,3'),('王皓',7,9,1,'7,7'),('王皓',8,1,1,'2,8'),('王皓',8,2,2,'1,8'),('王皓',8,3,1,'3,8'),('王皓',8,4,2,'8,1'),('王皓',8,5,1,'4,8'),('王皓',8,6,2,'12,3'),('王皓',8,7,1,'5,8'),('王皓',8,8,2,'4,13'),('王皓',8,9,1,'6,8'),('王皓',9,1,1,'2,6'),('王皓',9,2,2,'9,10'),('王皓',9,3,1,'3,6'),('王皓',9,4,2,'14,2'),('王皓',9,5,1,'4,6'),('王皓',9,6,2,'11,2'),('王皓',9,7,1,'5,6'),('王皓',9,8,2,'8,10'),('王皓',9,9,1,'6,6'),('王皓',10,1,1,'5,8'),('王皓',10,2,2,'11,3'),('王皓',10,3,1,'6,8'),('王皓',10,4,2,'5,1'),('王皓',10,5,1,'7,8'),('王皓',10,6,2,'0,13'),('王皓',10,7,1,'8,8'),('王皓',10,8,2,'0,2'),('王皓',10,9,1,'9,8'),('王皓',11,1,1,'3,6'),('王皓',11,2,2,'11,2'),('王皓',11,3,1,'4,6'),('王皓',11,4,2,'0,13'),('王皓',11,5,1,'5,6'),('王皓',11,6,2,'10,11'),('王皓',11,7,1,'7,6'),('王皓',11,8,2,'8,3'),('王皓',11,9,1,'8,6'),('王皓',11,10,2,'11,10'),('王皓',11,11,1,'6,6'),('王皓',12,1,1,'4,8'),('王皓',12,2,2,'12,2'),('王皓',12,3,1,'5,8'),('王皓',12,4,2,'13,2'),('王皓',12,5,1,'6,8'),('王皓',12,6,2,'13,9'),('王皓',12,7,1,'7,8'),('王皓',12,8,2,'5,7'),('王皓',12,9,1,'8,8'),('王皓',13,1,1,'3,4'),('王皓',13,2,2,'4,5'),('王皓',13,3,1,'4,4'),('王皓',13,4,2,'5,4'),('王皓',13,5,1,'6,4'),('王皓',13,6,2,'2,4'),('王皓',13,7,1,'6,6'),('王皓',13,8,2,'5,5'),('王皓',13,9,1,'6,5'),('王皓',13,10,2,'6,3'),('王皓',13,11,1,'7,8'),('王皓',13,12,2,'6,7'),('王皓',13,13,1,'5,7'),('王皓',13,14,2,'7,5'),('王皓',16,1,1,'5,5'),('王皓',16,2,2,'4,5'),('王皓',16,3,1,'5,7'),('王皓',16,4,2,'5,6'),('王皓',16,5,1,'9,9'),('王皓',16,6,2,'6,7'),('王皓',16,7,1,'10,2'),('王皓',16,8,2,'7,8'),('王皓',16,9,1,'7,2'),('王皓',16,10,2,'8,9'),('王皓',17,1,1,'4,9'),('王皓',17,2,2,'4,8'),('王皓',17,3,1,'8,6'),('王皓',17,4,2,'3,9'),('王皓',17,5,1,'9,8'),('王皓',17,6,2,'2,10'),('王皓',17,7,1,'7,0'),('王皓',17,8,2,'5,7'),('王皓',17,9,1,'3,4'),('王皓',17,10,2,'1,11'),('王皓',18,1,1,'4,8'),('王皓',18,2,2,'3,9'),('王皓',18,3,1,'7,6'),('王皓',18,4,2,'3,8'),('王皓',18,5,1,'10,9'),('王皓',18,6,2,'3,7'),('王皓',18,7,1,'12,7'),('王皓',18,8,2,'3,10'),('王皓',18,9,1,'10,4'),('王皓',18,10,2,'3,6'),('王皓',19,1,1,'3,10'),('王皓',19,2,2,'3,9'),('王皓',19,3,1,'5,8'),('王皓',19,4,2,'4,9'),('王皓',19,5,1,'9,7'),('王皓',19,6,2,'2,9'),('王皓',19,7,1,'9,4'),('王皓',19,8,2,'5,9'),('王皓',19,9,1,'4,3'),('王皓',19,10,2,'6,9'),('王皓',20,1,1,'4,7'),('王皓',20,2,2,'4,8'),('王皓',20,3,1,'7,6'),('王皓',20,4,2,'3,8'),('王皓',20,5,1,'7,5'),('王皓',20,6,2,'5,8'),('王皓',20,7,1,'5,4'),('王皓',20,8,2,'2,8'),('王皓',20,9,1,'8,8'),('王皓',20,10,2,'1,8'),('马琳',1,1,1,'2,7'),('马琳',1,2,2,'3,11'),('马琳',1,3,1,'3,7'),('马琳',1,4,2,'10,10'),('马琳',1,5,1,'4,7'),('马琳',1,6,2,'11,12'),('马琳',1,7,1,'5,7'),('马琳',1,8,2,'10,14'),('马琳',1,9,1,'6,7'),('马琳',2,1,1,'2,7'),('马琳',2,2,2,'3,8'),('马琳',2,3,1,'3,7'),('马琳',2,4,2,'3,1'),('马琳',2,5,1,'4,7'),('马琳',2,6,2,'6,9'),('马琳',2,7,1,'5,7'),('马琳',2,8,2,'9,5'),('马琳',2,9,1,'6,7'),('马琳',3,1,1,'2,6'),('马琳',3,2,2,'6,1'),('马琳',3,3,1,'4,6'),('马琳',3,4,2,'3,6'),('马琳',3,5,1,'5,6'),('马琳',3,6,2,'11,8'),('马琳',3,7,1,'6,6'),('马琳',3,8,2,'10,2'),('马琳',3,9,1,'7,6'),('马琳',3,10,2,'4,3'),('马琳',3,11,1,'8,6'),('马琳',4,1,1,'2,6'),('马琳',4,2,2,'13,10'),('马琳',4,3,1,'3,7'),('马琳',4,4,2,'13,11'),('马琳',4,5,1,'4,6'),('马琳',4,6,2,'10,6'),('马琳',4,7,1,'4,7'),('马琳',4,8,2,'14,13'),('马琳',4,9,1,'5,6'),('马琳',4,10,2,'11,14'),('马琳',4,11,1,'5,7'),('马琳',4,12,2,'2,14'),('马琳',4,13,1,'6,6'),('马琳',4,14,2,'3,14'),('马琳',4,15,1,'6,7'),('马琳',4,16,2,'5,8'),('马琳',4,17,1,'7,6'),('马琳',4,18,2,'10,12'),('马琳',4,19,1,'8,6'),('马琳',5,1,1,'0,5'),('马琳',5,2,2,'11,6'),('马琳',5,3,1,'2,5'),('马琳',5,4,2,'10,5'),('马琳',5,5,1,'4,5'),('马琳',5,6,2,'10,11'),('马琳',5,7,1,'3,5'),('马琳',5,8,2,'12,8'),('马琳',5,9,1,'5,5'),('马琳',5,10,2,'7,6'),('马琳',5,11,1,'6,5'),('马琳',6,1,1,'1,5'),('马琳',6,2,2,'2,6'),('马琳',6,3,1,'2,5'),('马琳',6,4,2,'6,8'),('马琳',6,5,1,'3,5'),('马琳',6,6,2,'11,11'),('马琳',6,7,1,'4,5'),('马琳',6,8,2,'10,6'),('马琳',6,9,1,'5,5'),('马琳',7,1,1,'2,2'),('马琳',7,2,2,'8,0'),('马琳',7,3,1,'3,2'),('马琳',7,4,2,'2,5'),('马琳',7,5,1,'4,2'),('马琳',7,6,2,'10,11'),('马琳',7,7,1,'5,2'),('马琳',7,8,2,'12,1'),('马琳',7,9,1,'6,2'),('马琳',8,1,1,'2,3'),('马琳',8,2,2,'12,11'),('马琳',8,3,1,'2,4'),('马琳',8,4,2,'2,8'),('马琳',8,5,1,'2,5'),('马琳',8,6,2,'3,8'),('马琳',8,7,1,'2,6'),('马琳',8,8,2,'3,1'),('马琳',8,9,1,'2,7'),('马琳',9,1,1,'4,6'),('马琳',9,2,2,'14,2'),('马琳',9,3,1,'5,5'),('马琳',9,4,2,'1,6'),('马琳',9,5,1,'5,6'),('马琳',9,6,2,'12,2'),('马琳',9,7,1,'6,5'),('马琳',9,8,2,'7,8'),('马琳',9,9,1,'6,6'),('马琳',9,10,2,'10,10'),('马琳',9,11,1,'8,6'),('马琳',9,12,2,'9,4'),('马琳',9,13,1,'7,6'),('马琳',10,1,1,'1,7'),('马琳',10,2,2,'3,9'),('马琳',10,3,1,'2,6'),('马琳',10,4,2,'14,11'),('马琳',10,5,1,'2,7'),('马琳',10,6,2,'1,4'),('马琳',10,7,1,'3,7'),('马琳',10,8,2,'7,13'),('马琳',10,9,1,'5,7'),('马琳',10,10,2,'11,11'),('马琳',10,11,1,'4,7'),('马琳',11,1,1,'4,7'),('马琳',11,2,2,'3,8'),('马琳',11,3,1,'6,6'),('马琳',11,4,2,'4,8'),('马琳',11,5,1,'8,4'),('马琳',11,6,2,'5,8'),('马琳',11,7,1,'10,3'),('马琳',11,8,2,'2,8'),('马琳',11,9,1,'12,6'),('马琳',11,10,2,'6,8'),('马琳',12,1,1,'2,9'),('马琳',12,2,2,'1,9'),('马琳',12,3,1,'6,5'),('马琳',12,4,2,'1,10'),('马琳',12,5,1,'9,6'),('马琳',12,6,2,'1,8'),('马琳',12,7,1,'12,4'),('马琳',12,8,2,'1,11'),('马琳',12,9,1,'9,1'),('马琳',12,10,2,'1,7'),('马琳',13,1,1,'3,9'),('马琳',13,2,2,'2,9'),('马琳',13,3,1,'8,5'),('马琳',13,4,2,'2,10'),('马琳',13,5,1,'9,5'),('马琳',13,6,2,'2,8'),('马琳',13,7,1,'10,2'),('马琳',13,8,2,'2,11'),('马琳',13,9,1,'5,3'),('马琳',13,10,2,'2,7'),('马琳',14,1,1,'2,8'),('马琳',14,2,2,'1,8'),('马琳',14,3,1,'7,5'),('马琳',14,4,2,'2,7'),('马琳',14,5,1,'11,7'),('马琳',14,6,2,'3,6'),('马琳',14,7,1,'12,9'),('马琳',14,8,2,'4,5'),('马琳',14,9,1,'9,13'),('马琳',14,10,2,'5,4'),('马龙',1,1,1,'7,7'),('马龙',1,2,2,'6,6'),('马龙',1,3,1,'7,6'),('马龙',1,4,2,'7,8'),('马龙',1,5,1,'7,5'),('马龙',1,6,2,'7,4'),('马龙',1,7,1,'7,3'),('马龙',1,8,2,'8,6'),('马龙',1,9,1,'7,2'),('马龙',1,10,2,'7,1'),('马龙',1,11,1,'7,0'),('马龙',1,12,2,'6,1'),('马龙',2,1,1,'7,7'),('马龙',2,2,2,'6,8'),('马龙',2,3,1,'7,6'),('马龙',2,4,2,'7,5'),('马龙',2,5,1,'7,4'),('马龙',2,6,2,'7,8'),('马龙',2,7,1,'7,3'),('马龙',2,8,2,'7,2'),('马龙',2,9,1,'7,1'),('马龙',2,10,2,'8,4'),('马龙',2,11,1,'7,0'),('马龙',2,12,2,'8,3'),('马龙',3,1,1,'7,7'),('马龙',3,2,2,'8,6'),('马龙',3,3,1,'7,6'),('马龙',3,4,2,'7,8'),('马龙',3,5,1,'7,5'),('马龙',3,6,2,'7,4'),('马龙',3,7,1,'7,3'),('马龙',3,8,2,'6,6'),('马龙',4,1,1,'7,7'),('马龙',4,2,2,'8,6'),('马龙',4,3,1,'7,6'),('马龙',4,4,2,'7,8'),('马龙',4,5,1,'7,5'),('马龙',4,6,2,'7,4'),('马龙',4,7,1,'7,3'),('马龙',4,8,2,'6,6'),('马龙',4,9,1,'7,2'),('马龙',4,10,2,'7,1'),('马龙',5,1,1,'7,7'),('马龙',5,2,2,'7,8'),('马龙',5,3,1,'7,6'),('马龙',5,4,2,'7,5'),('马龙',5,5,1,'7,4'),('马龙',5,6,2,'6,5'),('马龙',5,7,1,'7,3'),('马龙',5,8,2,'7,2'),('马龙',5,9,1,'7,1'),('马龙',5,10,2,'6,4'),('马龙',5,11,1,'7,0'),('马龙',5,12,2,'6,6'),('马龙',6,1,1,'4,7'),('马龙',6,2,2,'4,6'),('马龙',6,3,1,'6,9'),('马龙',6,4,2,'5,8'),('马龙',6,5,1,'12,9'),('马龙',6,6,2,'5,7'),('马龙',6,7,1,'6,4'),('马龙',6,8,2,'6,8'),('马龙',6,9,1,'3,12'),('马龙',6,10,2,'7,9'),('马龙',6,11,1,'10,3'),('马龙',6,12,2,'8,10'),('马龙',7,1,1,'3,11'),('马龙',7,2,2,'2,11'),('马龙',7,3,1,'9,4'),('马龙',7,4,2,'2,12'),('马龙',7,5,1,'12,13'),('马龙',7,6,2,'2,10'),('马龙',7,7,1,'2,3'),('马龙',7,8,2,'2,13'),('马龙',7,9,1,'11,8'),('马龙',7,10,2,'2,14'),('马龙',8,1,1,'2,8'),('马龙',8,2,2,'4,1'),('马龙',8,3,1,'10,5'),('马龙',8,4,2,'6,5'),('马龙',8,5,1,'5,13'),('马龙',8,6,2,'13,1'),('马龙',8,7,1,'13,10'),('马龙',8,8,2,'9,9'),('马龙',8,9,1,'2,12'),('马龙',8,10,2,'9,7'),('马龙',8,11,1,'2,4'),('马龙',8,12,2,'2,11'),('马龙',8,13,1,'10,12'),('马龙',8,14,2,'1,2'),('马龙',8,15,1,'5,9'),('马龙',8,16,2,'9,3'),('马龙',8,17,1,'6,8'),('马龙',8,18,2,'2,7'),('马龙',8,19,1,'4,10'),('马龙',8,20,2,'10,6'),('马龙',8,21,1,'7,7'),('马龙',8,22,2,'1,11'),('马龙',8,23,1,'8,6'),('马龙',9,1,1,'3,8'),('马龙',9,2,2,'4,7'),('马龙',9,3,1,'4,8'),('马龙',9,4,2,'5,8'),('马龙',9,5,1,'5,7'),('马龙',9,6,2,'3,9'),('马龙',9,7,1,'4,9'),('马龙',9,8,2,'4,10'),('马龙',9,9,1,'5,9'),('马龙',9,10,2,'5,10'),('马龙',9,11,1,'6,8'),('马龙',9,12,2,'6,9'),('马龙',9,13,1,'3,7'),('马龙',9,14,2,'6,10'),('马龙',9,15,1,'2,8'),('马龙',9,16,2,'2,6'),('马龙',9,17,1,'4,6'),('马龙',9,18,2,'1,9'),('马龙',9,19,1,'7,9'),('马龙',9,20,2,'3,5'),('马龙',9,21,1,'8,10'),('马龙',10,1,1,'7,6'),('马龙',10,2,2,'7,5'),('马龙',10,3,1,'6,6'),('马龙',10,4,2,'8,6'),('马龙',10,5,1,'8,5'),('马龙',10,6,2,'6,7'),('马龙',10,7,1,'8,7'),('马龙',10,8,2,'6,5'),('马龙',10,9,1,'5,6'),('马龙',10,10,2,'4,6'),('马龙',10,11,1,'7,7'),('马龙',10,12,2,'7,8'),('马龙',10,13,1,'8,8'),('马龙',10,14,2,'5,5'),('马龙',10,15,1,'9,9'),('马龙',10,16,2,'10,10'),('马龙',10,17,1,'8,9'),('马龙',10,18,2,'8,10'),('马龙',10,19,1,'9,8'),('马龙',10,20,2,'10,9'),('马龙',10,21,1,'7,9'),('马龙',10,22,2,'6,9'),('马龙',10,23,1,'9,7'),('马龙',10,24,2,'10,7'),('马龙',10,25,1,'10,6'),('马龙',10,26,2,'11,5'),('马龙',10,27,1,'6,10'),('马龙',30,1,1,'5,9'),('马龙',30,2,2,'5,8'),('马龙',30,3,1,'9,6'),('马龙',30,4,2,'4,9'),('马龙',30,5,1,'12,8'),('马龙',30,6,2,'6,7'),('马龙',30,7,1,'11,11'),('马龙',30,8,2,'3,10'),('马龙',30,9,1,'9,12'),('马龙',30,10,2,'7,6'),('马龙',31,1,1,'3,7'),('马龙',31,2,2,'3,8'),('马龙',31,3,1,'9,6'),('马龙',31,4,2,'2,8'),('马龙',31,5,1,'13,8'),('马龙',31,6,2,'4,8'),('马龙',31,7,1,'11,11'),('马龙',31,8,2,'5,8'),('马龙',31,9,1,'7,11'),('马龙',31,10,2,'6,8'),('马龙',32,1,1,'3,6'),('马龙',32,2,2,'2,6'),('马龙',32,3,1,'10,5'),('马龙',32,4,2,'3,5'),('马龙',32,5,1,'12,8'),('马龙',32,6,2,'4,4'),('马龙',32,7,1,'9,10'),('马龙',32,8,2,'5,3'),('马龙',32,9,1,'4,9'),('马龙',32,10,2,'6,2'),('马龙',33,1,1,'3,9'),('马龙',33,2,2,'2,8'),('马龙',33,3,1,'8,5'),('马龙',33,4,2,'3,8'),('马龙',33,5,1,'12,8'),('马龙',33,6,2,'4,8'),('马龙',33,7,1,'10,12'),('马龙',33,8,2,'1,8'),('马龙',33,9,1,'7,12'),('马龙',33,10,2,'5,8'),('马龙',34,1,1,'4,6'),('马龙',34,2,2,'3,7'),('马龙',34,3,1,'9,5'),('马龙',34,4,2,'4,7'),('马龙',34,5,1,'10,10'),('马龙',34,6,2,'5,7'),('马龙',34,7,1,'5,12'),('马龙',34,8,2,'2,7'),('马龙',34,9,1,'3,12'),('马龙',34,10,2,'1,7'),('马龙',35,1,1,'4,4'),('马龙',35,2,2,'5,5'),('马龙',35,3,1,'10,7'),('马龙',35,4,2,'5,4'),('马龙',35,5,1,'9,9'),('马龙',35,6,2,'5,3'),('马龙',35,7,1,'2,10'),('马龙',35,8,2,'5,6'),('马龙',35,9,1,'1,8'),('马龙',35,10,2,'5,7'),('马龙',36,1,1,'5,5'),('马龙',36,2,2,'4,4'),('马龙',36,3,1,'9,4'),('马龙',36,4,2,'4,5'),('马龙',36,5,1,'10,9'),('马龙',36,6,2,'4,6'),('马龙',36,7,1,'4,11'),('马龙',36,8,2,'4,3'),('马龙',36,9,1,'2,9'),('马龙',36,10,2,'4,2');
/*!40000 ALTER TABLE `step` ENABLE KEYS */;
UNLOCK TABLES;
/*!40103 SET TIME_ZONE=@OLD_TIME_ZONE */;

/*!40101 SET SQL_MODE=@OLD_SQL_MODE */;
/*!40014 SET FOREIGN_KEY_CHECKS=@OLD_FOREIGN_KEY_CHECKS */;
/*!40014 SET UNIQUE_CHECKS=@OLD_UNIQUE_CHECKS */;
/*!40101 SET CHARACTER_SET_CLIENT=@OLD_CHARACTER_SET_CLIENT */;
/*!40101 SET CHARACTER_SET_RESULTS=@OLD_CHARACTER_SET_RESULTS */;
/*!40101 SET COLLATION_CONNECTION=@OLD_COLLATION_CONNECTION */;
/*!40111 SET SQL_NOTES=@OLD_SQL_NOTES */;

-- Dump completed on 2025-12-05 16:36:04
